rank_2026_C,department,rainfall_2026_may_aug_mm,historical_median_rainfall_mm_1981_2025,historical_sd_rainfall_mm_1981_2025,z_2026_common_1981_2025,H_2026,agricultural_workers_ine_2018,total_workers_ine_2018,agricultural_dependence_pct,mapped_agricultural_land_ha_maga_2025,ag_workers_per_100_mapped_agricultural_ha,d_dependency_percentile,p_density_percentile,E_structural_exposure,C_impact_2026,z_2015_common_1981_2025,H_2015,C_impact_2015,oxfam_households_with_losses_pct
1,Chimaltenango,519.1270689754333,1038.538796916289,189.7871250429508,-2.765907210354676,2.765907210354676,79578,213958,37.19328092429355,86033.15831693525,92.49689486795862,59.09090909090909,95.45454545454544,77.27272727272728,213.7291935274068,-1.4091187453744554,1.4091187453744554,108.88644850620793,
2,Sololá,593.9192360942761,1157.2308755118345,228.7225342778296,-2.567750914465837,2.567750914465837,44230,140336,31.51721582487744,48077.41185841798,91.99746469350694,45.45454545454545,90.9090909090909,68.18181818181819,175.07392598630707,-1.5705858291508683,1.5705858291508683,107.08539744210466,
3,Jalapa,401.13982312480806,777.4292305315136,161.78991121169415,-2.329892735196115,2.329892735196115,55551,112979,49.16931465139539,113183.18179783726,49.08061349540669,90.9090909090909,59.09090909090909,75.0,174.74195513970864,-2.0508178915762576,2.0508178915762576,153.81134186821933,99.96
4,Sacatepéquez,411.8134517419553,842.7567532639081,157.83485749588633,-2.8106335900262565,2.8106335900262565,27536,141435,19.469014034715595,26166.457951125103,105.23396040623072,13.636363636363637,100.0,56.81818181818182,159.69509034240093,-1.182054967689675,1.182054967689675,67.16221407327699,
5,Huehuetenango,765.5783832823046,1172.3087483168665,249.8089978458596,-1.8268326192762767,1.8268326192762767,161393,308957,52.23801370417242,286583.2809957086,56.31626501003621,95.45454545454544,72.72727272727273,84.0909090909091,153.62001571186872,-1.8871460470613857,1.8871460470613857,158.69182668470742,40.85
6,San Marcos,898.8119419592507,1312.7136445025392,194.05865558880205,-2.227309465995439,2.227309465995439,99248,248010,40.01774122011209,190741.03768170465,52.03285103524401,68.18181818181817,68.18181818181817,68.18181818181817,151.86200904514357,-1.0824344763481872,1.0824344763481872,73.80235066010367,
7,Baja Verapaz,504.1287178173119,772.0816527248587,173.2635697208806,-1.7704997302751635,1.7704997302751635,45338,97178,46.65459260326411,65714.74301134964,68.99212858851116,81.81818181818183,81.81818181818183,81.81818181818183,144.85906884069522,-2.015072660599554,2.015072660599554,164.8695813217817,86.83
8,Chiquimula,375.56816113305655,807.3616041869591,164.4632764568623,-2.677563511567656,2.677563511567656,44231,114820,38.52203448876502,123416.3680019482,35.838844325172325,63.63636363636363,40.909090909090914,52.27272727272727,139.963547195582,-2.3535721764740827,2.3535721764740827,123.02763649750888,97.55
9,Jutiapa,546.4054319373128,871.4786473170204,153.85800828168064,-2.264256554500086,2.264256554500086,64206,156649,40.98717514953814,178202.6093607355,36.02977545072183,72.72727272727273,45.45454545454545,59.09090909090909,133.79697822045964,-2.447697422575503,2.447697422575503,144.63666587946153,
10,Quiché,876.720467338273,1383.4277016170472,261.3193148009849,-1.960077772838454,1.960077772838454,115896,261326,44.349203676633785,261402.8154548237,44.33617128352217,77.27272727272727,50.0,63.63636363636363,124.7322219079016,-2.046058811374591,2.046058811374591,130.20374254201943,53.52
11,Guatemala,416.2952094351896,827.0072490248505,162.03883751194434,-2.5988458440888835,2.5988458440888835,53776,1323510,4.063135148204396,82594.12955835264,65.10874354818078,4.545454545454546,77.27272727272727,40.90909090909091,106.31642089454525,-1.5030992956736924,1.5030992956736924,61.49042573210559,
12,Totonicapán,328.8476515757819,595.6333181849612,130.48336733946914,-2.173089989828733,2.173089989828733,23983,137217,17.478155039098652,31915.86325326737,75.14445029947531,9.090909090909092,86.36363636363636,47.72727272727273,103.71565860546224,-1.4664246389088849,1.4664246389088849,69.98844867519678,
13,Alta Verapaz,1166.0998964005828,1512.1919474776907,276.5659108321415,-1.4006423030314843,1.4006423030314843,185033,350040,52.86053022511713,562404.5092796071,32.90034075953831,100.0,36.36363636363637,68.18181818181819,95.49833884305576,-1.894790118519731,1.894790118519731,129.19023535361802,38.95
14,El Progreso,361.4858261708935,641.5059126707496,164.33279788103044,-1.975851906030072,1.975851906030072,15027,60496,24.83965882041788,30204.190133214644,49.75137533475946,31.818181818181817,63.63636363636363,47.72727272727273,94.30202278779888,-1.985578312229832,1.985578312229832,94.76623762915108,
15,Quetzaltenango,830.8351608277163,1323.1389707905407,217.9485059003289,-2.399086526790157,2.399086526790157,58843,269819,21.808323357510037,128215.95421402948,45.89366460727191,22.727272727272727,54.54545454545454,38.63636363636363,92.69197944416514,-1.1356829838238167,1.1356829838238167,43.87866073864746,
16,Suchitepéquez,790.647845167702,1549.3138927474513,305.38178636856134,-2.590906535864358,2.590906535864358,49589,176313,28.125549448991283,173830.68780947683,28.527183908028302,36.36363636363637,27.27272727272727,31.81818181818182,82.43793523204776,-1.660201695378417,1.660201695378417,52.82459939840418,
17,Santa Rosa,666.4203941638503,1089.691678327933,211.03923470846445,-2.1730859276042707,2.1730859276042707,44063,132828,33.17297557743849,223687.29523874828,19.698481289681748,50.0,22.727272727272727,36.36363636363636,79.02130645833711,-1.6154287512173806,1.6154287512173806,58.74286368063201,
18,Zacapa,447.2924677268657,819.2691197951492,178.27436748553214,-2.121512932983282,2.121512932983282,23357,82360,28.35964060223409,73862.45906163516,31.622288638548508,40.909090909090914,31.818181818181817,36.36363636363637,77.14592483575571,-2.222052391652134,2.222052391652134,80.8019051509867,
19,Petén,712.1945555186674,908.4824215581932,176.63044852459726,-1.0859948702051472,1.0859948702051472,79433,165088,48.11555049428184,1265133.3342637515,6.278626754090413,86.36363636363636,4.545454545454546,45.45454545454545,49.36340319114305,-1.5399572301085076,1.5399572301085076,69.99805591402307,
20,Retalhuleu,720.7924042978489,1222.780291960545,235.60339464278545,-2.16615982983354,2.16615982983354,24504,100420,24.401513642700657,152812.89413685072,16.035296064778134,27.27272727272727,18.181818181818183,22.727272727272727,49.23090522348954,-1.3041702202278274,1.3041702202278274,29.640232277905167,
21,Escuintla,703.7687504849976,1278.9517808488408,248.53219555275103,-2.549269970551244,2.549269970551244,52812,242551,21.773565147123698,361763.069356781,14.598505064074216,18.181818181818183,13.636363636363637,15.90909090909091,40.556567713315246,-1.5546248747550366,1.5546248747550366,24.732668462011947,
22,Izabal,1164.543578470878,1303.8233988982067,200.02655815001205,-0.7431530200864775,0.7431530200864775,45593,135137,33.738354410709135,353609.0095527803,12.89361944076674,54.54545454545454,9.090909090909092,31.818181818181817,23.645777911842465,-2.116729197592288,2.116729197592288,67.35047446884552,
