municipality_id,department,municipality,corredor_seco_160,historical_mean_may_aug_mm,historical_median_may_aug_mm,historical_sd_may_aug_mm,historical_min_may_aug_mm,historical_max_may_aug_mm,historical_p10_may_aug_mm,historical_p20_may_aug_mm,historical_p80_may_aug_mm,historical_p90_may_aug_mm,rain_2026_may_aug_mm,rainfall_anomaly_pct_vs_historical_median,rainfall_historical_percentile,rainfall_z_score_vs_1981_2025,chirps_2026_status
101,Guatemala,Guatemala,1,805.9353880763103,786.9067319808634,168.58441163415105,560.1430032031847,1337.0110274874728,608.7104135119613,666.9195709651297,931.6943303309753,1016.0453064403073,375.6612106864924,-52.261024665420194,0.0,-2.5522773619399994,FINAL
102,Guatemala,Santa Catarina Pinula,0,979.7887848916724,964.5615816898903,188.28410955681804,709.5617154278053,1609.5253189055052,768.011328948364,817.8541295740201,1107.7911034228116,1187.4652131784653,483.9375643512376,-49.828235590371555,0.0,-2.633526651333277,FINAL
103,Guatemala,San José Pinula,0,1157.1574856924851,1147.5343896484899,214.54544181718063,856.805358831504,1910.156082627185,910.7942265045947,946.0827251278154,1325.0487281109229,1373.3673560988882,636.1784319671231,-44.56127522574763,0.0,-2.428292343629938,FINAL
104,Guatemala,San José Del Golfo,1,564.2120971368274,540.3428684672817,127.61438389904865,336.16631795193257,934.7917443990295,413.67368226137927,462.26770250244675,663.8091570821572,739.9162796237212,280.92232752826453,-48.01035714136114,0.0,-2.219889019976492,FINAL
105,Guatemala,Palencia,1,813.5525578322723,805.332007234453,175.5907257759969,518.8578817440826,1298.4282160355185,591.1993710292069,667.0865617336445,901.684443692857,1025.77917739287,412.8493051921758,-48.735515106382124,0.0,-2.2820297078290928,FINAL
106,Guatemala,Chinautla,1,781.2513278676729,744.2927053996855,175.818569432629,513.2265317717445,1298.0919147540121,587.2245856324312,645.2059654056378,915.2595326728567,1006.0189753403528,367.66835335320656,-50.601644932719246,0.0,-2.3523281747150437,FINAL
107,Guatemala,San Pedro Ayampuc,1,679.3514012654831,647.5895377779578,147.4031573174629,435.2565456910141,1131.7417224220535,520.466678596381,565.5903832894361,797.8777020574307,870.6864911365129,337.83690689480534,-47.83162988487916,0.0,-2.316873672082589,FINAL
108,Guatemala,Mixco,0,782.2114395617658,759.2252311680379,168.7531626939166,555.4690103835918,1365.3985467258287,594.149208991159,653.5874639819539,930.7642814269354,993.3226630449001,363.27597779373303,-52.151751169432636,0.0,-2.4825339868023404,FINAL
109,Guatemala,San Pedro Sacatepéquez,0,794.3541452704935,759.8124052445611,178.34897148315923,542.9970884655618,1401.5860333307446,591.8974937623868,665.4812960973264,946.017279317023,1019.8271231551139,368.0538119267777,-51.55991013225007,0.0,-2.3902595557382824,FINAL
110,Guatemala,San Juan Sacatepéquez,1,783.2933334662749,745.6620746551938,168.60131643179946,529.6655264791084,1347.073640539285,585.5784561662838,665.0125290454484,939.9051079390839,1019.0882195966777,371.4920581773558,-50.179569163533,0.0,-2.4424558716627573,FINAL
111,Guatemala,San Raymundo,1,755.7512996836648,723.6792206921256,166.0762972765092,500.4328897701482,1275.304781160294,567.7711574489792,634.1144953090532,892.0243667211597,986.0088723067879,359.34374324947936,-50.34488583134892,0.0,-2.386900255695041,FINAL
112,Guatemala,Chuarrancho,1,632.3679121520246,606.4816104080229,139.41749551678137,385.40646054621106,1049.034392793267,474.87786712867813,520.630958246674,760.791183651531,819.3847648223247,328.8127032259811,-45.78356580263569,0.0,-2.177310729911263,FINAL
113,Guatemala,Fraijanes,1,984.886868442841,981.7434944308013,175.93129984548875,718.3425082110622,1618.2939794750678,790.7703682844531,833.3602106250436,1103.9027768180165,1210.6632112840978,504.4596101413289,-48.61594571260121,0.0,-2.730766263441731,FINAL
114,Guatemala,Amatitlán,1,770.7506099946462,765.5156165714398,141.7059418775292,550.0776041194734,1290.7197955258846,606.8432877547817,641.1090530401636,890.4032133098843,922.2901886107232,365.394291446203,-52.26821196898423,0.0,-2.860545670687377,FINAL
115,Guatemala,Villa Nueva,1,749.2480761473272,741.4737685440093,147.86884669335356,549.9850183912553,1286.5047243912613,587.1359535706627,624.3574909093722,886.8131862970132,926.3961883572787,353.2683504143919,-52.355920681039706,0.0,-2.677911775115873,FINAL
116,Guatemala,Villa Canales,1,958.5304515810557,949.6662954377317,165.2652985348972,688.3347275241284,1588.611286640865,785.3862967731664,806.5782141476017,1085.0745674728971,1152.2107668257518,487.80665384166537,-48.63388790513834,0.0,-2.848291818744955,FINAL
117,Guatemala,Petapa,1,824.5842238321788,822.7335824704712,155.46342950729655,594.0700307586701,1373.8814960342754,642.4669685650218,679.1860692888416,948.9487086265627,1016.1402880950766,396.87386492098227,-51.76155764430261,0.0,-2.751195958218086,FINAL
201,El Progreso,Guastatoya,1,499.92502154435317,469.8364198727609,128.82658094937884,255.0012366539197,869.3193556991864,362.1867114167971,385.9837700839986,624.514848403706,667.7100622524243,250.65890790339657,-46.64974929545076,0.0,-1.934896601338068,FINAL
202,El Progreso,Morazán,1,537.8735509995524,519.3307368368494,139.03309410033285,264.74158390845076,915.4865316967787,391.48236051925926,421.87698635306987,674.0506502258987,707.901178676658,292.1090156064878,-43.7527966502288,2.2222222222222223,-1.767669323504441,FINAL
203,El Progreso,San Agustín Acasaguastlán,1,850.9877350833432,803.7139101189359,209.55483649472433,449.03125982454816,1443.3263690258161,651.150073327422,667.0332575041872,1051.1688863128218,1135.464650613372,488.1936653593334,-39.257780758443126,2.2222222222222223,-1.7312607801974704,FINAL
204,El Progreso,San Cristóbal Acasaguastlán,1,1206.029603749147,1164.1188039644203,288.26095581054057,640.560918983903,2032.8848499396247,900.582867025676,985.7490847577214,1419.2956953598684,1574.3231805123485,624.1209168924428,-46.38683656968759,0.0,-2.018687148318358,FINAL
205,El Progreso,El Jícaro,1,831.8877020564397,796.281638856121,201.77447027937458,441.0793525178318,1432.019866752547,607.5894512824669,668.4840034010718,996.9979512777599,1090.6681288066256,395.989208843476,-50.270207233168826,0.0,-2.160325300863998,FINAL
206,El Progreso,Sansare,1,505.998147835385,493.72831685928827,119.29226852926067,271.26989149628923,842.5582501489566,362.34006171675685,410.15869767061815,621.0008122903171,653.3164078380468,250.79025128966364,-49.2048070313256,0.0,-2.139349848000607,FINAL
207,El Progreso,Sanarate,1,574.1882496351507,562.7867003738043,134.01539834303213,299.16941322795986,948.0214365500367,411.29249466071934,464.91088890904274,700.6023997219515,727.6790752696263,291.7203800590315,-48.1650188490115,0.0,-2.1077269706955692,FINAL
208,El Progreso,San Antonio La Paz,1,585.7613569216905,578.0544676737322,134.50533234946002,329.2859187354839,932.2245324303535,407.2911165552276,478.6041448847334,681.4582060999207,751.3601645928582,276.64915621247565,-52.141334133131714,0.0,-2.298140864081928,FINAL
301,Sacatepéquez,Antigua Guatemala,1,686.4445699312046,673.5686405620521,131.24946982128176,489.28855104196333,1205.1174606450268,549.5241757683476,575.4599690040349,803.3234189611871,822.626152242013,322.2571909654264,-52.15674074485974,0.0,-2.774772191169081,FINAL
302,Sacatepéquez,Jocotenango,1,691.9122278494875,678.5260472225385,133.00926007348656,488.4300879939808,1214.0732566822403,547.965213695404,584.4630350001839,808.3600184620718,827.002718883518,319.8923092588499,-52.854822512961874,0.0,-2.796947508655409,FINAL
303,Sacatepéquez,Pastores,1,723.5100863668026,711.7522028228472,142.33409664696933,498.4557345611861,1252.820637906568,572.1892138253802,597.3329563265056,840.6324819342186,868.0454284219496,316.84529609481814,-55.48376319199395,0.0,-2.857114351739861,FINAL
304,Sacatepéquez,Sumpango,1,791.7566790943899,772.1999238111999,163.07981547651625,549.7594358629478,1397.2986550717678,611.6501328512785,661.1201991874383,915.2094950139572,973.7574048153277,354.0711321346513,-54.14773801231034,0.0,-2.683873204546065,FINAL
305,Sacatepéquez,Santo Domingo Xenacoj,0,832.2260841706184,796.3429791043001,180.5512098131162,575.1943395398738,1475.7912473821038,636.3366878046314,695.5980430597929,994.9757240260277,1061.4217993753846,389.0788473376462,-51.141799758783705,0.0,-2.4544130016722803,FINAL
306,Sacatepéquez,Santiago Sacatepéquez,1,775.5974746731882,755.7944422890781,162.81505442021967,553.7325768797263,1387.0752489102963,598.954274893585,643.2588383671645,918.8945296699288,970.6842533491637,361.76958743849474,-52.133865083368235,0.0,-2.5417053030404606,FINAL
307,Sacatepéquez,San Bartolomé Milpas Altas,1,719.6066482916153,706.1708279959857,146.39322856487334,521.4503421831907,1289.9833927628165,567.0167133617875,599.2948072498565,852.4293717693963,887.2026193209405,341.8040888034924,-51.59753486653015,0.0,-2.580737942538796,FINAL
308,Sacatepéquez,San Lucas Sacatepéquez,0,725.9762011225885,711.9619447065028,148.85370529187512,523.7317825463009,1286.6485682971654,571.4036105269251,606.1470898420857,863.0969045068047,907.2110472158755,340.5414462558425,-52.16858867418449,0.0,-2.589352775001323,FINAL
309,Sacatepéquez,Santa Lucía Milpas Altas,0,669.6792800983123,663.2885101217321,132.8006168235905,482.88015178495044,1197.0538587553233,534.0842778447143,560.1567403686655,773.837658290597,817.728640667718,324.51074494216965,-51.0754762082924,0.0,-2.5991485838853987,FINAL
310,Sacatepéquez,Magdalena Milpas Altas,0,630.1849154482805,619.0515892782608,123.36504196439411,458.41519036636083,1115.677394607061,513.2103792499593,524.7172062505862,724.2371488374931,771.8735202844467,299.9384107805216,-51.54872130605246,0.0,-2.676986117048259,FINAL
311,Sacatepéquez,Santa María De Jesús,0,726.5518227355706,712.9902328350416,135.44881171951408,517.8621806778468,1244.348980075077,583.8094169910557,598.000929231678,838.9562895598303,866.3793998228253,352.24300882925337,-50.59637669528233,0.0,-2.763470636283113,FINAL
312,Sacatepéquez,Ciudad Vieja,1,793.8592450768402,775.3026761468965,147.458611349329,567.7905414715907,1393.4806057659473,641.1248089695988,665.2281624071214,918.8310429506881,946.5690252099491,374.00699353724,-51.75987326704687,0.0,-2.84725488527063,FINAL
313,Sacatepéquez,San Miguel Dueñas,1,995.3007053904802,975.8424810070668,178.0989055862011,743.0161799875464,1737.9191028258929,794.2157826000193,834.5161666943793,1117.4642340101334,1187.662349853695,470.9237521344822,-51.741827057119906,0.0,-2.9443019401497437,FINAL
314,Sacatepéquez,Alotenango,0,1292.4140039749363,1263.3968676012828,225.18995712839185,1007.7766656201384,2290.396736664467,1077.008664402999,1110.1645350519425,1426.7717497807296,1501.9663350259473,679.6412929912086,-46.20524156581195,0.0,-2.7211369405535075,FINAL
315,Sacatepéquez,San Antonio Aguas Calientes,1,746.1007177910299,721.664221766302,145.22642163423063,510.6470652398459,1292.673725434308,587.9497355120428,617.3311423410205,858.9107072068922,902.6405025008205,334.6225304007186,-53.631824842069,0.0,-2.833356236144592,FINAL
316,Sacatepéquez,Santa Catarina Barahona,1,813.601703348977,794.301049887457,150.8322437110738,585.4619430638816,1411.1306341143456,651.0350327454811,681.9239149559436,918.1471973296892,988.025200354422,371.81721892210624,-53.18938342398158,0.0,-2.928979066791114,FINAL
401,Chimaltenango,Chimaltenango,0,749.512736867835,721.4545933597799,154.63552760171504,510.0538270405754,1299.2027633665311,583.4238200227317,633.7130466965468,853.9387363070523,914.507659635329,340.28009547309296,-52.83416328553338,0.0,-2.646433505557511,FINAL
402,Chimaltenango,San José Poaquil,1,709.0320780503096,698.6423607963467,141.40927988794732,509.9079730114167,1234.6622721525384,541.6304437667607,588.8603636977616,811.03890475076,873.0614108030752,332.68570136958704,-52.38111514017335,0.0,-2.6613980141822324,FINAL
403,Chimaltenango,San Martín Jilotepeque,1,739.4113865795837,701.604440828034,151.6626684184607,513.9959777666918,1271.0401883513373,589.2396826855015,624.727116361772,863.919465673492,931.6146168390339,346.17276368886377,-50.659838572243,0.0,-2.5928504818714773,FINAL
404,Chimaltenango,Comalapa,1,648.3139105815285,627.0907321366636,127.81696212756934,467.47793863734677,1149.5387066128246,500.36663394520326,541.4299464232688,735.8643134780248,799.1126655651273,302.67929816025975,-51.732774437767326,0.0,-2.704137280905673,FINAL
405,Chimaltenango,Santa Apolonia,0,661.7249161806004,657.1506472384403,134.54131993168744,479.096773046493,1163.4289406164987,501.09345265044465,534.0548756155375,759.5445922194639,815.7201924061113,315.98459542583936,-51.91595766454634,0.0,-2.5697705428362725,FINAL
406,Chimaltenango,Tecpán Guatemala,0,704.4997923126705,690.4193169860496,140.01891200488507,500.8414770228038,1219.4964863623134,539.2779675329053,597.9352039689801,806.8575535416383,856.7223465068023,333.64315559792163,-51.67528668600922,0.0,-2.6486181859619804,FINAL
407,Chimaltenango,Patzún,0,916.9119148679318,909.4169523442768,173.08210726476085,662.8304087258314,1645.4281749150184,727.4523706145682,773.3036538776487,1008.1052631547759,1095.1770433298789,429.3250317428252,-52.7911778380511,0.0,-2.8170842776905474,FINAL
408,Chimaltenango,Pochuta,0,1769.1927153780148,1740.7513336797567,328.22629837531855,1294.8144324828706,3182.8615552406604,1427.3689047120045,1534.2730692828968,1983.285889828613,2100.021129158237,896.8129128256749,-48.48127383421784,0.0,-2.657860771274322,FINAL
409,Chimaltenango,Patzicía,0,887.3120102312872,872.3938064406719,161.53016841227407,658.4360812353561,1584.4249904929054,727.5393191139786,755.4123241558336,999.0865304125772,1059.3767949193932,419.6740858943718,-51.89396316250531,0.0,-2.8950500636101695,FINAL
410,Chimaltenango,Santa Cruz Balanyá,0,639.4036458665408,635.0795505775494,122.50604845146319,463.1715158233405,1148.2978603630786,498.4883710143376,535.7806621943058,726.3610393975422,781.8105180714139,290.8025381654734,-54.21006110163461,0.0,-2.8455828271955323,FINAL
411,Chimaltenango,Acatenango,0,1690.587958278603,1679.9850671707131,301.3902945300818,1290.3569411420629,3005.452738233524,1383.4719254560391,1444.0222549371651,1889.1314636496725,2004.3761814380532,874.7175901483682,-47.93301397485082,0.0,-2.707022697603166,FINAL
412,Chimaltenango,Yepocapa,0,2115.3146263656317,2055.159789134792,395.8743354680076,1485.8741541786262,3797.1853570030953,1682.4432305133641,1795.4555361543585,2363.8984937725327,2481.3000240039005,1170.2336206344792,-43.05875256896013,0.0,-2.3873257775447,FINAL
413,Chimaltenango,San Andrés Itzapa,1,850.4597466304372,840.861270224303,156.30765321516728,625.5691067050223,1500.4283499573864,676.0036354088874,722.027611423283,960.1233076965306,1013.8462173237411,402.530928093858,-52.128734864137414,0.0,-2.865687055770565,FINAL
414,Chimaltenango,Parramos,1,798.4335508041568,783.6544526426499,147.67331471128813,574.9877205341155,1385.1889859286887,637.4714601006687,675.9946842893472,897.2180656662811,964.3342031865077,364.84978536429765,-53.44251740879587,0.0,-2.9361009894546375,FINAL
415,Chimaltenango,Zaragoza,0,721.3780456783431,707.26346993879,141.0502285495799,513.9359624638981,1274.259913940701,568.225229988209,608.0866259670028,815.7350158405794,882.6176324723734,334.2033243454258,-52.74698347217771,0.0,-2.7449421763738817,FINAL
416,Chimaltenango,El Tejar,0,768.1955765744727,738.4771872865766,164.3513856963441,518.2551200642613,1327.1733217794197,596.1466822558207,638.3794594170528,882.7058843849245,950.0702465120709,340.673241054795,-53.86814285942296,0.0,-2.6012700392412187,FINAL
501,Escuintla,Escuintla,0,1624.0461351283082,1571.1873511672766,277.59480938491146,1252.1496204985244,2821.390092484369,1326.6792707808424,1393.0361103281898,1805.1528720293534,1846.4598419001984,925.9664483081466,-41.06581575900407,0.0,-2.5147432992963785,FINAL
502,Escuintla,Santa Lucía Cotzumalguapa,0,1838.199956400591,1795.1184958701201,347.2304426541072,1299.1096520448816,3324.199139319046,1483.4921867858575,1560.5115949678352,2060.7262697821593,2101.563728074373,966.5525419918953,-46.156616166812256,0.0,-2.5102851228887935,FINAL
503,Escuintla,La Democracia,0,1310.040899393983,1255.1504849464034,256.6638791278997,961.5171113027894,2414.1765382470317,1052.2194928894623,1086.944452876807,1468.0635791611494,1539.977350372451,711.4706918762043,-43.315905111841225,0.0,-2.3321170456537113,FINAL
504,Escuintla,Siquinalá,0,2273.242644334534,2186.716206136632,415.076240489882,1650.616262181388,4060.175073005231,1829.024314067797,1984.0218548313007,2557.321647813912,2627.6346576435435,1307.739776931391,-40.1961821446491,0.0,-2.3260856036077504,FINAL
505,Escuintla,Masagua,0,1213.3284212260087,1158.1921515426263,241.55757094219354,872.5271355136256,2208.0212947616105,965.3732085638103,1000.2415601251342,1386.6816178415818,1435.2862707346442,675.6957643139905,-41.65944196616997,0.0,-2.225691601447166,FINAL
506,Escuintla,Tiquisate,1,1099.3330593701887,1119.221147502282,216.54027105385555,679.8157645553117,1921.681664336277,874.0165697771154,905.9468062077959,1252.4751558458945,1270.917347434206,518.0604294920137,-53.71241593780219,0.0,-2.684362714839344,FINAL
507,Escuintla,La Gomera,1,1192.8089121952646,1151.1834787419027,235.2033963522672,801.470453701641,2195.9836014175844,933.639220405382,993.0856590871897,1353.4290326342334,1430.847723042163,570.4316482921026,-50.448242280586584,0.0,-2.6461236255747744,FINAL
508,Escuintla,Guanagazapa,0,1434.777751302957,1362.324178571676,270.2549364334725,1011.6334524814052,2512.4676876279395,1147.9774583116039,1191.4584258966922,1649.0786090294935,1677.6486951806467,806.1557114484605,-40.82497219614265,0.0,-2.326033515429391,FINAL
509,Escuintla,San José,1,1039.3040527679698,1012.6029206629689,228.08414060460757,695.4064113865899,1975.0866629731697,811.6470481046053,829.791523219034,1200.5916135791906,1252.9073388412291,565.4674602157846,-44.15703839313804,0.0,-2.0774640064676775,FINAL
510,Escuintla,Iztapa,1,1171.443438924166,1145.4522130362054,254.28708795826137,777.2199974092945,2266.222837115787,910.7629581152357,970.0265962897508,1362.6508727347027,1407.7620492528013,683.2989286869574,-40.34679745602275,0.0,-1.9196590521235295,FINAL
511,Escuintla,Palín,0,1229.6740875837374,1243.3611662532455,204.72369759478818,905.7293673863519,2065.4133538435567,1006.5832062346668,1059.8258921553522,1388.5051704188538,1413.342037369877,645.501282715391,-48.08416892570727,0.0,-2.853469391826861,FINAL
512,Escuintla,San Vicente Pacaya,1,1232.4522222820158,1206.0272486241754,199.66916006312087,917.5773698431759,2046.8586677370931,1019.6913721032101,1075.2543313297901,1391.1592864561349,1417.1285768554335,653.2834454726983,-45.83178396524971,0.0,-2.900642125334861,FINAL
513,Escuintla,Nueva Concepción,1,1106.7321636729432,1097.7618868056365,217.25214322216442,693.570067093062,1974.8286457381687,859.3619609214602,931.0334021574123,1247.033951794776,1304.3818252722913,509.11795584380184,-53.62218692750596,0.0,-2.7507862475631115,FINAL
514,Escuintla,Sipacate,1,962.9158757294643,959.1796008549356,200.26173540828188,602.009625160934,1779.7241300578391,758.7740560543269,783.2630640816692,1090.3745985283963,1157.8223604544432,450.9527147695404,-52.98558118129312,0.0,-2.556470210927532,FINAL
601,Santa Rosa,Cuilapa,0,1113.9389927404193,1077.8512685556866,201.64351815096526,805.4596034548043,1952.7375175420086,933.1402514119168,973.8457519749206,1268.9825227231354,1301.4454491616493,657.0373069447812,-39.041932211555796,0.0,-2.2658882863448535,FINAL
602,Santa Rosa,Barberena,0,1073.9200180336643,1040.7091634488445,187.26832031187345,806.7748298756281,1852.3725422172583,891.61868653304,944.6905687127011,1204.4955480426338,1288.4716053827938,594.7814309317347,-42.84844874809533,0.0,-2.558567227516007,FINAL
603,Santa Rosa,Santa Rosa De Lima,0,1098.9141519919353,1078.2279771281694,194.4955596021213,828.6755693399518,1868.1664023053172,885.3335833666864,926.2423300878792,1243.8650897257517,1294.5362333622443,610.8149104311834,-43.350114874771464,0.0,-2.5095649615819218,FINAL
604,Santa Rosa,Casillas,0,879.8319224739535,841.2382610618952,162.46157554480118,631.5147560323459,1496.6492351961435,714.8621186805182,734.9676415905354,989.4537339174769,1039.1501273675558,509.4305714523187,-39.44277203829692,0.0,-2.2799320379574377,FINAL
605,Santa Rosa,San Rafael Las Flores,0,874.5888859801289,842.3057234111576,169.53719373055472,629.0788082382984,1493.4896422356783,691.9073960759745,716.1026040572816,999.442893430802,1028.450181600929,521.7320986846535,-38.059058108764795,0.0,-2.0812942548540136,FINAL
606,Santa Rosa,Oratorio,0,1097.179722228,1083.9339115758314,206.10588344535773,681.8341421904771,1942.464517413374,883.493245040068,964.5764976923036,1235.8280479203502,1299.9269062444869,667.0776285697353,-38.45772131993428,0.0,-2.0868016306399726,FINAL
607,Santa Rosa,San Juan Tecuaco,0,1321.7291983875978,1291.9259401042132,262.39251357275003,854.1667152283965,2409.645240389558,1038.7540934222309,1111.0344709846572,1497.4129362314209,1611.852354942467,857.0470050003529,-33.66128983127166,2.2222222222222223,-1.7709430313392256,FINAL
608,Santa Rosa,Chiquimulilla,1,1136.347722109886,1117.0933130474318,236.27206974165833,733.8870608036128,2158.0075525641805,897.1045156367661,950.1290319158961,1314.342703344244,1391.7048116915616,709.8673860153586,-36.45406541027091,0.0,-1.8050391506742385,FINAL
609,Santa Rosa,Taxisco,1,1218.8835967082114,1180.7528605467542,249.6019689567457,834.5367661656044,2263.86241350623,962.2900003928667,986.7223846720929,1388.0932923703842,1486.054992527249,711.3702784953928,-39.75282192702131,0.0,-2.033290523845055,FINAL
610,Santa Rosa,Santa María Ixhuatán,0,1257.5784654709946,1219.6592407161627,239.94267394665326,846.39629119311,2233.8714447919715,1004.8866397419866,1071.4468023771078,1431.2523435368628,1493.7739372124524,782.8986144883045,-35.8100534679998,0.0,-1.9783052475618668,FINAL
611,Santa Rosa,Guazacapán,1,1183.321136964315,1160.7633202573302,245.8841681088363,788.8066134993821,2247.721115963054,924.2925744962862,978.4225767158433,1366.509025691378,1440.7782769377009,716.9086621695823,-38.23817055050892,0.0,-1.8968788368199592,FINAL
612,Santa Rosa,Santa Cruz Naranjo,0,977.6221615972705,953.5216198861901,174.95455960334098,728.4299036206821,1679.3934272873462,785.5697954978405,828.5510273670665,1098.9078081264197,1145.8338762950566,529.1321058729179,-44.507592189039855,0.0,-2.563465946478757,FINAL
613,Santa Rosa,Pueblo Nuevo Viñas,0,1220.0645940798386,1171.8592219042594,219.63665332072054,924.7344116471462,2126.649402657938,979.1758342395862,1038.649727633818,1389.5249172308902,1462.1860666327136,692.1255222849111,-40.93782688673012,0.0,-2.40369293473077,FINAL
614,Santa Rosa,Nueva Santa Rosa,0,977.5418471262175,948.0212431179954,176.83722384095813,738.9388582317688,1713.4907555124412,798.5120411849865,822.8387890022415,1111.6254321373717,1125.3526995594827,565.5499129832474,-40.34417297199149,0.0,-2.3297806038478797,FINAL
701,Sololá,Sololá,0,796.1153602579475,808.9586855901113,172.49984365865305,535.6100138376323,1422.5137340245255,587.7393551930732,647.339974123939,935.1346553790539,985.1986979816626,385.1389290759969,-52.39077891906809,0.0,-2.382474224122782,FINAL
702,Sololá,San José Chacayá,0,876.8463517075679,869.7415261038007,190.8287806304109,606.8363634271925,1615.6062389630445,655.4977752031248,696.0844057739725,1015.1843324139293,1077.0610708062288,417.76044464111334,-51.967287739776715,0.0,-2.4057477365303335,FINAL
703,Sololá,Santa María Visitación,0,1620.2366449444319,1607.7832549361335,313.89632724194166,1138.1816286570993,2836.794182853141,1276.755806839029,1349.5096694770787,1832.9466765830662,1948.5689062485849,808.1067004487878,-49.737833257823766,0.0,-2.5872553260863076,FINAL
704,Sololá,Santa Lucía Utatlán,0,947.1030120330585,931.7621563845473,198.13819272096447,642.7375696313721,1707.7498454066028,714.5182728961587,766.9642612582381,1080.5756782537915,1154.8689131740773,451.91902636515664,-51.4984566320329,0.0,-2.4991849318281774,FINAL
705,Sololá,Nahualá,0,1268.7054003297897,1220.6641676999955,237.9665454153107,883.029777704903,2177.1617948451867,1002.5282151963657,1068.049574669861,1448.7477644833427,1490.765945636456,640.7076467430601,-47.511554471997265,0.0,-2.6390169781668997,FINAL
706,Sololá,Santa Catarina Ixtahuacán,0,1543.316357577862,1491.9889628675273,292.45920878019774,1074.3649927839808,2672.1118749726934,1217.0865076285838,1292.0500165609938,1763.6725982767641,1827.107916494995,776.0946751605176,-47.98254581797289,0.0,-2.6233459552096434,FINAL
707,Sololá,Santa Clara La Laguna,0,1465.2036463075349,1452.6010731567717,287.3942095803723,1026.2423378614426,2590.098949572264,1137.7118681610991,1205.1575769782726,1642.8781986870626,1767.7200054750665,733.434886324318,-49.50885691345196,0.0,-2.5462195673729164,FINAL
708,Sololá,Concepción,0,788.8802352552333,789.1839897198935,169.24181993202586,529.0381271663164,1408.2456550692739,594.2137562650063,648.2107089980774,898.487820803391,965.7498964934682,392.13917315204066,-50.31080479835591,0.0,-2.344225926325653,FINAL
709,Sololá,San Andrés Semetabaj,0,747.6849343704423,737.6690082579007,150.72352112651757,516.3149660278102,1322.9302044204892,564.4477785475954,634.242514111673,842.9392337327928,898.7544646098728,357.4007553117545,-51.54998362262746,0.0,-2.589404600832558,FINAL
710,Sololá,Panajachel,0,801.8707087544167,801.640375343677,165.17576083893948,552.3144729676487,1433.843128538141,610.2214353540994,676.7663602452465,888.689478802559,974.7050130727057,378.58189726130394,-52.77409809866433,0.0,-2.562656950046415,FINAL
711,Sololá,Santa Catarina Palopó,0,755.7059488544892,750.4502807696343,152.48686043079613,520.044878842953,1335.258067225329,571.5377718789246,636.5019009207924,846.0458581312284,904.37569054351,353.8461151123047,-52.848826340711994,0.0,-2.635373517474724,FINAL
712,Sololá,San Antonio Palopó,0,747.2474848891236,770.5230056891555,151.7801546256108,527.01170817023,1363.515769659246,575.8515475782214,614.3563218466428,827.7837282611619,905.1271779181944,359.829905201581,-53.30056305330568,0.0,-2.55249166561444,FINAL
713,Sololá,San Lucas Tolimán,0,998.124988336358,1003.3613775440534,195.54731318396853,711.9611192176296,1833.6821500405001,804.7958855670826,828.8416211150945,1122.9425913682305,1173.568445885124,480.1958409735826,-52.14128710545276,0.0,-2.6486129567810224,FINAL
714,Sololá,Santa Cruz La Laguna,0,882.1788192461042,887.9995315656525,183.01869125632155,601.3483618337327,1599.147359133872,673.8004287890949,696.0825722780269,979.1713755639731,1076.9026072503557,417.24388608295874,-53.01305110518398,0.0,-2.5403685818733908,FINAL
715,Sololá,San Pablo La Laguna,0,1315.3595202734073,1325.908506155014,265.1779670282575,900.8233103752136,2363.9985122680664,1018.4293606936932,1079.165779876709,1472.4714698672296,1606.929130935669,657.1620407104492,-50.43684857138858,0.0,-2.4820971626681945,FINAL
716,Sololá,San Marcos La Laguna,0,1244.0411190560706,1252.207150395778,251.48669019868393,851.2201998883712,2237.7329757799607,960.4346093372674,1015.5365743493405,1390.8081279020523,1520.6837650633036,646.9889078338819,-48.33211840154468,0.0,-2.374090695418096,FINAL
717,Sololá,San Juan La Laguna,0,1721.7704541836902,1715.548639635029,334.7343296776085,1202.5950094394602,3027.176553213786,1375.6100729210411,1432.7741267627082,1943.6368134808322,2081.8486191858333,853.0428054654196,-50.27580181889226,0.0,-2.59527503365121,FINAL
718,Sololá,San Pedro La Laguna,0,1464.0635446251774,1451.8389551521482,288.5893155384523,1034.9595115063325,2610.4305814641257,1171.5690659808906,1201.7838990764874,1653.5289155301193,1776.4285291032716,747.0318694880498,-48.54581723151497,0.0,-2.4846092233154375,FINAL
719,Sololá,Santiago Atitlán,0,1207.08484214742,1200.3942866000277,236.35777009642717,853.2058499693368,2186.897769818957,976.3104297609184,1008.5921797619642,1344.6146344401636,1441.7262721951456,625.5078940874005,-47.89146357409979,0.0,-2.4605789258493718,FINAL
801,Totonicapán,Totonicapán,1,721.9187731075076,694.9582894616332,154.79012670116526,486.7125943423869,1269.8364197398064,554.3898690283416,584.2387597818076,843.7671885790219,897.4307586072227,354.6776783122936,-48.96417760739949,0.0,-2.372509814558149,FINAL
802,Totonicapán,San Cristóbal Totonicapán,1,554.1177187684923,538.102572222698,115.37663651756306,376.33247289383377,965.5662205413373,426.8703229059681,441.9484951665537,646.5474842674782,685.2131576904387,287.98474959256373,-46.481439699682575,0.0,-2.306645237794021,FINAL
803,Totonicapán,San Francisco El Alto,1,559.1981274305095,548.690847813397,115.82724135237407,372.58176566638394,965.1501424844657,427.55445591435364,448.7620354491539,645.0995808178984,701.2450372316007,307.84455828496135,-43.89471602966203,0.0,-2.170073000192336,FINAL
804,Totonicapán,San Andrés Xecul,1,549.2034851718106,536.5360010235424,110.96966396468513,375.7328236719154,952.6994162504352,426.5459414220054,444.56950426439556,634.4865286062281,674.498993924255,285.28256516057064,-46.828812117669464,0.0,-2.378315934120787,FINAL
805,Totonicapán,Momostenango,1,558.6655103630383,544.2186537897337,119.92458481448307,365.2761009616449,952.7162895825178,422.470369668069,453.2577705517712,651.7816741469817,704.4973364941518,325.59833835826555,-40.17141160250179,0.0,-1.9434478123506969,FINAL
806,Totonicapán,Santa María Chiquimula,1,640.7468482743094,616.2908561903575,140.72309445307488,426.65642433602585,1097.341069809967,472.3657312587594,532.6470144691608,761.3400939178058,792.2601029372572,328.3313035703484,-46.7246186970954,0.0,-2.2200730158626394,FINAL
807,Totonicapán,Santa Lucía La Reforma,1,587.8163376011979,574.2064779855504,136.76948524516544,366.03674637866845,1003.9850073811723,427.90385683430907,463.2286603351774,688.1003071469414,766.261297151556,314.7880288786272,-45.178600216602106,0.0,-1.9962662594887686,FINAL
808,Totonicapán,San Bartolo Aguas Calientes,1,512.8707543919937,495.4605344229391,111.10992944588682,331.27014056778734,874.5654685195058,390.4325520550171,422.52074149914284,589.4731716287251,634.8494459886434,322.91190677274034,-34.82590754703913,0.0,-1.7096478106555533,FINAL
901,Quetzaltenango,Quetzaltenango,1,1145.3146144931693,1140.3297714795287,188.44248271678433,851.9803794970205,1877.7113284614904,922.4779571651524,988.0992056695654,1286.2072572220095,1334.3300149335575,634.9287363098599,-44.32060337370064,0.0,-2.7084438223539173,FINAL
902,Quetzaltenango,Salcajá,1,530.2520694853453,522.1179762004917,110.99807688841601,362.725275199641,944.2034109071096,413.19627651815256,431.85955623313606,622.2801953181418,642.5649043038828,273.1277627483752,-47.68849662370273,0.0,-2.31647532952712,FINAL
903,Quetzaltenango,Olintepeque,1,736.2352090254996,729.6954009459037,133.1539170239603,512.982000491766,1236.0452943610521,584.3459173785697,626.2242000110542,855.7395980374944,879.7803397015393,397.07074085414,-45.58404228128374,0.0,-2.54716102801789,FINAL
904,Quetzaltenango,San Carlos Sija,1,545.3221676103338,536.5019200319409,108.79745441103371,355.4527759196294,914.6742384527254,426.26741739902224,447.3637526834098,623.6761169287137,685.5918161540885,361.7138590227779,-32.57920512171828,2.2222222222222223,-1.687615850770634,FINAL
905,Quetzaltenango,Sibilia,0,643.9782227050529,640.649559070452,118.29922017181417,449.9944388438211,1037.6817846199383,500.6247352943722,537.5719204846121,735.5145482939735,791.3037618692714,414.2546032895919,-35.33834567986701,0.0,-1.9418861686646574,FINAL
906,Quetzaltenango,Cabricán,0,544.6003700254953,529.2194643073838,109.12562566683222,368.17896918323555,924.5485379700744,428.8115572672129,439.6038961353413,636.1861878902505,678.150026148989,409.94567495682935,-22.537679997589287,4.444444444444445,-1.2339420209124452,FINAL
907,Quetzaltenango,Cajolá,1,708.648964604125,718.8823765562258,122.25432925685584,501.04731682598646,1128.2771898616172,559.5778640600394,603.9605371808968,805.0283555725061,851.3854938566885,417.4783517626513,-41.92675111016592,0.0,-2.3816793614705083,FINAL
908,Quetzaltenango,San Miguel Sigüilá,1,986.492573424658,987.9513087244998,161.14704633742463,727.7396100610719,1558.5321239806983,785.3682157958951,840.4230382337258,1123.288514678448,1164.1859722987833,579.7399730234918,-41.31897312105711,0.0,-2.5241083199841583,FINAL
909,Quetzaltenango,San Juan Ostuncalco,1,1458.5616887667613,1455.2577337371579,211.65624008285158,1124.8659139802226,2225.28197425084,1199.294630261571,1283.300898343116,1635.3802551790614,1677.072825372865,918.2159020940564,-36.90355455208318,0.0,-2.5529404966335494,FINAL
910,Quetzaltenango,San Mateo,0,1504.6769481178605,1515.2903764606278,240.70331787142274,1149.5189101745402,2412.0912953004886,1210.063139619787,1306.6042098644962,1693.865674047479,1747.526166828165,874.0767825031561,-42.31621898472029,0.0,-2.6198233210543203,FINAL
911,Quetzaltenango,Concepción Chiquirichapa,0,1525.6055127944646,1500.2137871461425,237.32764234552107,1158.1818584928608,2380.1163391137093,1236.8435635924664,1320.8054376019131,1698.8265754719891,1787.310618649498,911.4473851410232,-39.24550001137704,0.0,-2.5878069726041417,FINAL
912,Quetzaltenango,San Martín Sacatepéquez,0,1762.2051743455766,1735.6607611973668,261.3859745369572,1335.784508079432,2725.901588525585,1488.5930637240047,1533.4537487606792,1962.155143282374,2060.5033092143194,1065.438487778987,-38.614819692992235,0.0,-2.665662102952942,FINAL
913,Quetzaltenango,Almolonga,1,776.4790522113119,757.0609571522998,150.50365733191862,565.3662107945883,1345.4861996088316,595.265217793802,646.9358462124932,904.9614338682063,927.4055087904572,407.858850495564,-46.12602239722764,0.0,-2.449244146292061,FINAL
914,Quetzaltenango,Cantel,1,776.9591226558856,769.711728790942,156.33656089803773,556.5153935664558,1367.3124811331656,599.289017989609,648.310353629226,899.6276437338794,936.539316845408,400.49656124204097,-47.96797992527173,0.0,-2.4080263711274323,FINAL
915,Quetzaltenango,Huitán,0,557.6377836239028,535.7630949339635,111.25669226851754,383.1066227917977,938.0327258726558,433.1534818592324,462.0430060677939,634.958689147013,698.0741776943546,385.6514743938964,-28.018283073149973,4.444444444444445,-1.5458513615964617,FINAL
916,Quetzaltenango,Zunil,0,1488.092460957035,1433.6391453463,260.0360140540043,1072.8510793999985,2457.325119739851,1181.0954101748425,1259.3249216638878,1694.7366309147797,1760.9390344181609,798.5623496136836,-44.29823207563236,0.0,-2.6516715919209166,FINAL
917,Quetzaltenango,Colomba,0,1963.914559392073,1914.8147077029278,316.5981828058234,1390.462656587683,3140.566100338815,1603.5283504861404,1682.8106219320266,2184.4721765939207,2300.650320963008,1241.8327260677709,-35.14606290247725,0.0,-2.2807516673813972,FINAL
918,Quetzaltenango,San Francisco La Unión,1,618.0943281105618,600.1747751467616,117.30717318727554,419.45204138135614,1027.8410888739284,492.71754637355673,510.30971924267027,711.08168674841,754.3135217658873,331.6490290886666,-44.74125824305628,0.0,-2.4418395843926644,FINAL
919,Quetzaltenango,El Palmar,0,2052.436727488432,2004.0110409348204,329.6186510198038,1521.5130880517547,3304.2964527019135,1686.6783911202788,1774.6470941911375,2279.5000170750327,2428.675811069395,1204.5549475825921,-39.89279884302944,0.0,-2.5723112975633726,FINAL
920,Quetzaltenango,Coatepeque,1,1470.066877821681,1467.032428091822,288.8060767489688,949.4138758134349,2598.8909264603467,1167.3937140024682,1228.4445873211198,1658.001147754805,1713.9290294953407,911.2051071699337,-37.88786875317107,0.0,-1.9350762177262346,FINAL
921,Quetzaltenango,Génova,0,1611.7093857309733,1599.5209123080706,310.6797081318067,1024.756125445112,2860.888372831191,1265.6077333643036,1381.4607214268078,1809.7772920160226,1849.7056686231304,1034.6696776973708,-35.313776160364974,2.2222222222222223,-1.8573459834357504,FINAL
922,Quetzaltenango,Flores Costa Cuca,0,1731.2845424469606,1746.308052218946,332.98767269161175,1044.5498595958707,2965.7962815647584,1343.014155142187,1506.6321068394209,1935.6930004917167,1991.69328959969,1106.5470973318995,-36.635057261182205,2.2222222222222223,-1.8761578771525458,FINAL
923,Quetzaltenango,La Esperanza,1,1437.055826931695,1419.0538911819458,235.60654688793105,1051.7385559082031,2311.6964111328125,1134.3626292541624,1253.6697815895081,1607.5315253138542,1692.32522149086,819.9844665527344,-42.21611514205706,0.0,-2.6190756094416923,FINAL
924,Quetzaltenango,Palestina De los Altos,0,856.8915330168301,860.8966021776089,134.98177777276476,648.8357475282975,1315.685137530624,691.9725757642875,730.6680733632484,968.7801129913767,1011.7413299441874,549.4657997348565,-36.17516919627731,0.0,-2.2775350743972993,FINAL
1001,Suchitepéquez,Mazatenango,0,1751.147077615376,1749.5830975182714,331.47145972061446,1213.9556253216517,3114.0831618647567,1366.4228689598383,1495.271079059271,1970.0712214229732,2042.1641803646564,886.4949964109018,-49.33107220409439,0.0,-2.6085264834965245,FINAL
1002,Suchitepéquez,Cuyotenango,0,1738.263770336757,1735.916768105489,328.7747823727994,1227.685366277366,3098.099509291145,1324.7744635401439,1493.0544002050272,1937.617079500854,2055.461216504206,923.4078482323496,-46.80575329425958,0.0,-2.4784623571902733,FINAL
1003,Suchitepéquez,San Francisco Zapotitlán,0,1861.2299438138969,1812.9354303231366,325.16874872535385,1341.5241816749144,3196.166029887811,1486.5945895009154,1641.3753542011425,2079.2843470536973,2153.082511607274,947.4750767221639,-47.738068280055266,0.0,-2.8100943607699356,FINAL
1004,Suchitepéquez,San Bernardino,0,1723.8960394736398,1720.797067334112,319.5531279483426,1188.9565153497947,3020.2230098026894,1406.5864325454622,1461.7265662481918,1913.4178590848262,2004.6618282927,843.3869861762824,-50.98858533720819,0.0,-2.7554386932482045,FINAL
1005,Suchitepéquez,San José El Ídolo,0,1619.3346127686227,1622.152108899734,327.15710558669144,1082.668029696562,2864.7907371132187,1254.818626520485,1356.1557658744111,1811.2481513992686,1910.4509127635952,792.1889645195691,-51.16432298960598,0.0,-2.528282693923862,FINAL
1006,Suchitepéquez,Santo Domingo Suchitepéquez,1,1352.5979063413479,1382.1010709062248,273.22131149226936,883.9583954361473,2401.7305399220227,1057.2857753343833,1139.4400053341412,1521.2878233711224,1602.7921805035894,685.509283283536,-50.40092959091213,0.0,-2.4415687759286917,FINAL
1007,Suchitepéquez,San Lorenzo,1,1104.0018040192015,1124.4847638565886,232.6083146418275,699.9191435686027,1995.3460516663088,823.5526346519326,922.3554575667061,1258.3430805045218,1328.4514807759924,585.4233694840017,-47.938523642045205,0.0,-2.2294062675004196,FINAL
1008,Suchitepéquez,Samayac,0,1746.6888791660695,1709.8100305612074,313.8681426147742,1211.9129450006976,3020.035462510219,1426.052605253068,1493.9047759742332,1933.555759039519,2035.1539076872623,853.1532075158584,-50.1024562807232,0.0,-2.8468504774213144,FINAL
1009,Suchitepéquez,San Pablo Jocopilas,0,1812.852720916473,1770.78620505947,337.1960968303216,1262.8157386410408,3140.8835476155277,1452.7229759756801,1560.919054323804,2021.9098317838216,2119.3543915513155,883.2202658122195,-50.12270463319102,0.0,-2.7569490389802707,FINAL
1010,Suchitepéquez,San Antonio Suchitepéquez,0,1711.2380979792338,1683.0530666773298,332.41965185148695,1176.557237483835,2997.193404513296,1358.3242730436268,1452.7783029471168,1904.7583030882063,2021.5771054603872,813.7543084257245,-51.65010987845844,0.0,-2.6998517823924337,FINAL
1011,Suchitepéquez,San Miguel Panán,0,1745.6555993277145,1709.6627065984853,340.7127948350453,1200.1265442993201,3048.8978520995292,1382.2221250032874,1489.6673971008743,1972.7303131550889,2075.3858822678676,833.6988562447452,-51.23606235153496,0.0,-2.6766143124284176,FINAL
1012,Suchitepéquez,San Gabriel,0,1767.1736324052554,1755.0390040312993,331.2003191366025,1230.702673428518,3150.6352217171707,1405.1496036238843,1512.852691996997,1975.231533947188,2054.5632193692936,887.5575719534318,-49.42804291444664,0.0,-2.6558430340431793,FINAL
1013,Suchitepéquez,Chicacao,0,2060.3438909403435,2002.2857870328696,398.84357474031793,1419.138669224522,3606.925871286437,1605.0791414806088,1767.302186949942,2325.688728500157,2441.7418193985545,1000.7289471399247,-50.02067369099811,0.0,-2.6567180992957473,FINAL
1014,Suchitepéquez,Patulul,0,1608.9321072333648,1532.2544763679412,305.24718117958776,1100.4855160891943,2866.4033037364193,1281.013859383742,1374.745164945792,1798.0036013426304,1874.7728187176954,793.3077560281979,-48.226109418283045,0.0,-2.6720127211438727,FINAL
1015,Suchitepéquez,Santa Bárbara,0,1633.9436003797866,1586.228800197074,328.517677969249,1138.994420603718,2931.329491340301,1286.1794456498812,1378.818707475361,1859.947541899324,1930.9868972028692,795.5759598597785,-49.844816853600456,0.0,-2.5519711624117947,FINAL
1016,Suchitepéquez,San Juan Bautista,0,1564.6664893757536,1508.2759179852394,313.9148725966849,1100.2639284972013,2832.609078699244,1198.3528654765676,1322.891360879309,1766.5102402467442,1854.4799843381238,778.4620584706773,-48.38729113234468,0.0,-2.504514757143045,FINAL
1017,Suchitepéquez,Santo Tomás La Unión,0,2121.9580953684012,2052.530053181747,396.6460686889938,1472.111895468767,3652.346621153327,1657.16959273619,1825.4032506690335,2398.77241092027,2490.851066163291,1072.6798941228371,-47.73865101463371,0.0,-2.645376531056186,FINAL
1018,Suchitepéquez,Zunilito,0,1993.3848520560318,1928.661596911143,349.9310223871798,1416.6009612096968,3398.3225243211377,1594.6533503645787,1760.5506646960569,2225.5108758889974,2330.853655537888,1017.0361608752813,-47.26725712254963,0.0,-2.7901175623705448,FINAL
1019,Suchitepéquez,Pueblo Nuevo,0,1985.7581929688865,1905.1211968347257,347.40839170400017,1427.7672651892158,3352.194579870316,1609.7899540237047,1698.6978396269697,2226.1540633864934,2328.522966670482,1045.6881989820274,-45.11172303791528,0.0,-2.705950738195812,FINAL
1020,Suchitepéquez,Río Bravo,0,1769.7559169716574,1699.4874854134027,356.22842430425106,1178.9718593127823,3117.4062627986073,1401.1900476045498,1501.980406946392,2004.1775223162947,2043.3370460540277,847.7368777169004,-50.11808648236753,0.0,-2.588280373907698,FINAL
1021,Suchitepéquez,San José La Máquina,1,1244.585003925121,1233.6952319132145,256.5799450245832,815.0965259294777,2277.5267351302928,927.5134787068496,1050.8598445746206,1403.148717984375,1490.09871948708,663.5411867630777,-46.21514539421069,0.0,-2.2645722256522154,FINAL
1101,Retalhuleu,Retalhuleu,1,1147.3564532371104,1124.9875993233516,231.7696433934576,756.5593634404611,2172.6000857188606,911.5258444582208,966.2266589410382,1275.9034565358934,1332.7421153254504,690.2486504457095,-38.64388808722206,0.0,-1.9722505333254705,FINAL
1102,Retalhuleu,San Sebastián,0,1771.16158802208,1776.757258399989,291.58789772176715,1302.9984733465678,3011.0460966794535,1437.6495069424404,1549.0297990512834,1923.7201270436035,2024.012081390152,973.6947762849325,-45.19821029678713,0.0,-2.7349105294421014,FINAL
1103,Retalhuleu,Santa Cruz Muluá,1,1554.0333846647304,1544.2298064273593,285.80517530420144,1144.5024377065552,2795.364388455435,1204.8763756693183,1339.7910477553369,1701.5842998573662,1805.7226219965094,848.7135823890734,-45.03968393456878,0.0,-2.467834256412391,FINAL
1104,Retalhuleu,San Martín Zapotitlán,0,2174.8352723695793,2145.971502859606,364.0777721460596,1630.0807543220128,3658.8558348237375,1762.5062336861301,1890.231791764258,2418.8484911490114,2501.1200386973765,1195.7858053433526,-44.27764750138047,0.0,-2.6891217809184313,FINAL
1105,Retalhuleu,San Felipe,0,2119.9933910459954,2092.907965518403,350.6397481871449,1602.828903004761,3540.1612308047133,1711.3516563972848,1856.2246993923113,2346.885351709794,2432.3349690086347,1176.9540511635325,-43.76465326930863,0.0,-2.689482138742411,FINAL
1106,Retalhuleu,San Andrés Villa Seca,1,1224.0561879484032,1212.4387892195662,247.24728014941272,834.3121698593866,2262.148229405017,908.8801941805509,1028.9013873180697,1360.2440768986444,1463.3553241381946,683.7446818996585,-43.60583907582026,0.0,-2.185308189122371,FINAL
1107,Retalhuleu,Champerico,1,801.5435589001503,777.7971456990546,174.86334297399617,502.130097675642,1566.7453195014848,628.3427945074615,675.998965832878,920.99559726243,962.1207978725095,470.34796913897037,-39.52819552760901,0.0,-1.8940252664072186,FINAL
1108,Retalhuleu,Nuevo San Carlos,0,1985.6321424329813,1969.0488297508807,314.50555570929794,1565.0406181211206,3244.2615714134586,1609.0013339953937,1752.230746438222,2202.7112852153496,2285.998126607815,1181.0497241152773,-40.019277009768174,0.0,-2.558245486325816,FINAL
1109,Retalhuleu,El Asintal,0,1807.4721276052312,1788.0067258025224,311.74488134747486,1320.8228206066954,3096.222603378376,1464.541677557552,1573.4121654814564,1971.8898458996898,2081.426032189494,1085.4987958624001,-39.290004886576206,0.0,-2.3159107813485167,FINAL
1201,San Marcos,San Marcos,0,979.7020398915536,942.2986210847774,169.1414295732993,711.8471004441803,1500.883291363966,786.2242377002739,836.2986272158124,1110.6174842698872,1139.8040347089386,669.4101814938791,-28.959868292786865,0.0,-1.8345112677624973,FINAL
1202,San Marcos,San Pedro Sacatepéquez,0,955.4579343304346,942.0773269768388,156.03531522301358,711.6145602808457,1442.1498862968506,769.5643691988938,817.4591868095637,1076.3526865913943,1114.931127407028,636.0630037093622,-32.4829304882528,0.0,-2.046940015884077,FINAL
1203,San Marcos,San Antonio Sacatepéquez,0,903.2722328967008,890.8579216882399,144.46166888061038,684.0883285306172,1377.2734171822435,728.8814996796553,762.9856234886599,1033.2099588493866,1060.8304539650562,597.6593854273333,-32.911930075816606,0.0,-2.115528983137663,FINAL
1204,San Marcos,Comitancillo,0,647.69303218483,643.3554950121808,118.35530710005204,433.4656955107412,1052.7472772399647,511.7727432682933,547.3082408059985,757.1738694107538,778.3248566301185,502.68382435064143,-21.86530957645368,6.666666666666667,-1.2252024128635364,FINAL
1205,San Marcos,San Miguel Ixtahuacán,0,627.0080649971014,606.3707948956901,121.86376622002629,408.22123039303546,1031.8509653733922,495.484279827573,521.1225863883521,732.4428737747206,767.6006588338496,527.1643776323192,-13.062373374528411,22.22222222222222,-0.819305774486843,FINAL
1206,San Marcos,Concepción Tutuapa,1,650.6753892134221,619.8821100059916,122.19846927649952,433.05628725292996,1056.6796779734386,519.5069562013963,547.2052501598508,735.7548806885109,792.3317620753194,550.0280196614357,-11.268931497939306,22.22222222222222,-0.8236385459481558,FINAL
1207,San Marcos,Tacaná,1,985.93943125203,958.8829618267606,161.68547798418888,720.2181155625766,1483.6665469186953,781.3424034605924,840.8877977193841,1106.667957049918,1160.9836906384262,728.5995494849527,-24.01579979094599,2.2222222222222223,-1.5916078857264,FINAL
1208,San Marcos,Sibinal,0,1906.618333400135,1838.5868043429587,331.083281643202,1333.0474284464358,2952.129255555495,1538.8796364823802,1629.0038798345645,2129.610412696875,2238.86328398934,1333.241660178641,-27.485520018452913,2.2222222222222223,-1.731820073716087,FINAL
1209,San Marcos,Tajumulco,0,1798.5691032325765,1758.795428133515,297.0494111595041,1245.325499906525,2690.3033475404864,1491.7953255979846,1552.0424498322022,2035.2427629311564,2122.343119775723,1232.0782195358827,-29.947610743825965,0.0,-1.9070594399950183,FINAL
1210,San Marcos,Tejutla,0,702.2801155049535,690.4984823092752,127.39895539367237,456.65997510420624,1105.0223704250377,557.8138563153689,600.5584281530679,796.6121636474952,817.0641528035459,554.9566104562756,-19.62956839524091,8.88888888888889,-1.1563949217121694,FINAL
1211,San Marcos,San Rafael Pie De La Cuesta,0,1979.0455401370632,1931.046176922189,362.165139907718,1491.5435495920342,3341.1460706006546,1594.1791193056938,1683.747390348894,2160.3852952589705,2352.694439569419,1253.6928095245148,-35.07701553140891,0.0,-2.00282316182439,FINAL
1212,San Marcos,Nuevo Progreso,0,2225.2021584556433,2175.9494155862394,337.1848153526557,1505.1175406479658,3401.5948082002424,1884.0533538524394,1981.1200048028797,2478.047539289325,2569.9916379731994,1382.245771613722,-36.476199229966,0.0,-2.4999832390444037,FINAL
1213,San Marcos,El Tumbador,0,2352.4240542313696,2298.952968401595,371.64538335788393,1609.1591219397762,3429.912616594363,1975.8236662217337,2041.4402488775481,2603.836427729508,2803.691418480353,1430.4197662150398,-37.77951154826908,0.0,-2.4808710919152355,FINAL
1214,San Marcos,El Rodeo,0,2244.5190803124037,2206.744510426737,310.6689740567264,1636.8991734692324,3238.392316401115,1870.8562538538645,2009.295660574305,2474.674542501967,2619.3256846698637,1409.019605419996,-36.14940022451798,0.0,-2.689356017700854,FINAL
1215,San Marcos,Malacatán,0,2082.884575975125,2030.773030957234,330.54856958908454,1248.9630458658496,3123.4441191198475,1751.0645960850334,1813.331762451938,2345.4548200987047,2465.6278035177816,1350.643900809809,-33.49114449421442,2.2222222222222223,-2.215228691128772,FINAL
1216,San Marcos,Catarina,0,1884.003814918656,1877.1095424312714,334.6401908015692,1039.0096316271859,2959.461007983102,1529.4089105050593,1668.3176588941565,2104.6523379947566,2219.1248484670527,1192.0650546999777,-36.49464627642401,2.2222222222222223,-2.067709675162645,FINAL
1217,San Marcos,Ayutla,1,1242.697315943184,1204.7765651572952,242.77726609015602,797.0674642785027,2126.4600777816595,990.9059343469645,1047.263983815696,1392.7108364899102,1488.7860127709378,755.3566894609111,-37.303172114549554,0.0,-2.007356925673995,FINAL
1218,San Marcos,Ocós,1,723.1510412383967,708.0005410470995,173.500497010978,399.53961793644476,1419.4379494287346,546.1354167007757,594.4310293348664,827.6452475669513,869.2687187499172,405.14700020458105,-42.77589115887007,2.2222222222222223,-1.8328710667249237,FINAL
1219,San Marcos,San Pablo,0,2073.318760119843,2034.689345303296,313.2209882862844,1569.1195825970958,2952.747966388091,1722.2445540905946,1829.53342576211,2338.835517394848,2430.2173136304436,1360.0633764433578,-33.15621475175989,0.0,-2.277163441629169,FINAL
1220,San Marcos,El Quetzal,0,1987.5068616203944,1958.6139990011095,285.08255908545624,1487.1114247678724,3100.8512485134283,1686.1260394087833,1765.5523916183056,2189.683756503417,2249.435354760406,1270.1853182900556,-35.148767498963636,0.0,-2.516188803803023,FINAL
1221,San Marcos,La Reforma,0,2058.6994939099272,2050.2570778965523,304.7642938629192,1503.2660171374068,3125.102937394288,1725.9029439487585,1819.989075511671,2270.7633364151466,2366.863897585261,1290.10091948133,-37.07613872476419,0.0,-2.521944302222974,FINAL
1222,San Marcos,Pajapita,1,1593.8752375600538,1582.4649418180895,291.2402869811861,1016.5483944927674,2653.2451114659257,1283.5143508324838,1372.4210318980695,1771.2748492219182,1884.49096608092,982.0776198360767,-37.94000777623734,0.0,-2.1006627347661513,FINAL
1223,San Marcos,Ixchiguán,0,1069.425492239335,1047.8691016589366,179.00384059355378,723.2903632361949,1596.7673287443454,869.6236889507633,924.8178834938795,1199.881306489157,1224.6180355309823,821.0960587106335,-21.641352206042413,4.444444444444445,-1.3872855057482167,FINAL
1224,San Marcos,San José Ojetenam,0,832.8239734117802,807.2155594768583,142.06001112946743,571.5350508080334,1289.5715786520732,680.3488693656261,725.0878278387893,929.7492627935508,956.0632502008388,669.8633383032304,-17.01555669499772,11.11111111111111,-1.1471253156529353,FINAL
1225,San Marcos,San Cristóbal Cucho,0,1513.1297375524675,1479.7758217648434,229.6468442801039,1160.0445169071556,2307.9798480452328,1241.0798199580402,1303.8224458628429,1674.3845061171453,1734.626011764644,964.5046386551027,-34.82089486333183,0.0,-2.3889947219487944,FINAL
1226,San Marcos,Sipacapa,0,570.1043087384637,558.8934622802726,115.92610126788149,366.6107895126965,952.0995182736505,434.6217999437651,477.90301267448314,671.0440778670616,706.3382284879564,450.9410386411168,-19.315384939146075,15.555555555555555,-1.0279244173146562,FINAL
1227,San Marcos,Esquipulas Palo Gordo,0,1310.3300155819998,1277.321833848197,231.357394783401,1011.1537276204847,2103.596166292726,1039.2077846852767,1103.5364217359784,1448.4832869762654,1540.4245153832417,831.1233774528532,-34.932343953683024,0.0,-2.071282997363384,FINAL
1228,San Marcos,Río Blanco,0,645.5579737647502,627.7260837024149,121.98273394033974,461.2421684883815,1060.021266378481,511.04090227474694,533.7150011986446,756.3389280927158,796.2087285524124,465.2673576289925,-25.88051226344116,2.2222222222222223,-1.478001109763088,FINAL
1229,San Marcos,San Lorenzo,0,764.0278615971891,758.9639551352044,130.31942346786462,560.3029616021205,1211.8456199133286,622.2255303392043,640.1717492434452,883.0902579914376,912.2774352914827,554.4566299416737,-26.94559126422534,0.0,-1.6081350429484789,FINAL
1230,San Marcos,La Blanca,1,864.4343147098331,842.170757816068,201.31357652603222,488.97984865726164,1694.2285982664348,668.5581920612866,710.5060651064065,968.331892942488,1038.227753017111,496.6093523772576,-41.03222561834446,2.2222222222222223,-1.8271244725763012,FINAL
1301,Huehuetenango,Huehuetenango,1,621.5438183170438,609.939814849416,128.27658938570903,409.41841663342734,1023.7011262383093,476.8054797058079,501.47297519732444,735.6806879146399,767.4946571286948,408.4400870284224,-33.036001735800866,0.0,-1.6612831094834422,FINAL
1302,Huehuetenango,Chiantla,0,891.2763632962749,880.4986602691507,188.99373367147157,605.6652776574463,1557.4545310108497,675.4189269092178,721.9376220225703,1056.8606072606772,1105.157225791958,577.6779316472057,-34.39195790819021,0.0,-1.6593059756901696,FINAL
1303,Huehuetenango,Malacatancito,1,564.4264865242717,551.6459262933046,115.63487380786717,361.6682679243842,928.6518986768959,424.04144811562895,469.8439671084513,664.0773258891747,696.2598601337339,400.25924417334625,-27.442726376532246,4.444444444444445,-1.4197035629899775,FINAL
1304,Huehuetenango,Cuilco,1,579.058996104493,557.4135230450436,110.30683348187851,429.9468390053877,937.9281549935237,444.2042892990375,495.8812643713934,644.4975075919842,734.8098655713189,435.3501435688401,-21.898173336268297,8.88888888888889,-1.3028100617108342,FINAL
1305,Huehuetenango,Nentón,0,1094.3303065320538,1078.327817921569,271.0000385792641,579.6792564561173,1903.8085548183087,758.0130606732764,887.9510890589522,1336.8319498877204,1407.3849124898966,585.2494956294503,-45.72619885133876,2.2222222222222223,-1.8785267100753704,FINAL
1306,Huehuetenango,San Pedro Necta,0,995.2557047519581,990.2489284900853,191.90200847503772,699.7346740271964,1563.987672077963,764.4828846996618,838.4190213241258,1112.9956584484426,1260.3475448196602,753.6438119895344,-23.8934988661207,8.88888888888889,-1.259037853133529,FINAL
1307,Huehuetenango,Jacaltenango,1,1277.0149455011901,1229.368991818462,306.47732505888433,794.5891050373291,2166.229962787838,906.9397754956528,1025.5704374997263,1534.8945542063782,1671.5748103871254,787.7311322714573,-35.92394655194136,0.0,-1.5964763890304947,FINAL
1308,Huehuetenango,Soloma,0,1285.0854996900546,1281.1878340469189,287.392388764776,777.723085359216,2230.9625480450914,935.7927767352218,1065.018254681844,1503.1293859694733,1589.4736590341324,774.9976527043624,-39.5094433377221,0.0,-1.774882936803129,FINAL
1309,Huehuetenango,San Ildefonso Ixtahuacán,1,789.976350091515,755.919275799175,149.32956611397412,559.4480618646745,1273.8626622449508,627.4109696986687,673.6653462852304,882.214707123429,974.3949701444752,640.2283894336556,-15.304661498836419,11.11111111111111,-1.0028018198590756,FINAL
1310,Huehuetenango,Santa Bárbara,1,660.6991966077069,652.2685046874849,128.45057001235688,444.2878097085693,1079.1693385101719,522.6522584200666,556.6795014794209,756.0706221750326,809.1264602844228,545.8256785595198,-16.318866442733427,17.77777777777778,-0.8943013490491812,FINAL
1311,Huehuetenango,La Libertad,0,707.4762505890111,708.4137133094456,144.48751157881995,488.3483848551861,1135.8524463582705,532.4357118417414,593.6973389685029,827.7541559522649,902.276666962297,505.84247107124384,-28.59504812404946,4.444444444444445,-1.395510084674503,FINAL
1312,Huehuetenango,La Democracia,1,889.440295397167,847.5509067120407,189.6253889318366,587.2704107614796,1404.384860899699,645.493821491341,760.9364769315466,1045.2591050073308,1161.0759664422358,613.42801282094,-27.623460967005375,4.444444444444445,-1.4555660723018653,FINAL
1313,Huehuetenango,San Miguel Acatán,0,1458.028281529772,1398.6782284776134,336.31842243189243,884.4498297785124,2474.1592535954237,1052.8596216143314,1194.5706519125188,1780.2384235165773,1876.162526488197,894.3435115136283,-36.05795147844165,2.2222222222222223,-1.6760448801471615,FINAL
1314,Huehuetenango,San Rafael La Independencia,0,1364.76101435838,1320.2827355018394,306.50863227097386,839.8047889163363,2290.3260150028414,965.187523727461,1106.7136962464383,1636.5840088552468,1716.0694045981922,833.6305610506137,-36.85969386445467,0.0,-1.7328401140696486,FINAL
1315,Huehuetenango,Todos Santos Cuchumatán,0,1035.8662158516327,1028.9603650225179,217.5794004557392,730.2117464405143,1741.3061490656085,782.5659983793113,844.6973664011773,1212.3218267787456,1314.0859061151357,730.7722541620981,-28.979552662739756,2.2222222222222223,-1.402218964895061,FINAL
1316,Huehuetenango,San Juan Atitán,1,733.9792124248064,708.6389319629626,145.54776689645374,501.5139338172369,1187.8080789748424,575.5133938982787,601.6670309901194,841.8927267275576,897.1804400850344,577.0177784000648,-18.573796559314225,11.11111111111111,-1.0784187031629817,FINAL
1317,Huehuetenango,Santa Eulalia,0,1958.2550092560657,1951.4402182122312,411.30921920618124,1141.2840000054587,3274.8004755132943,1443.1951555927926,1666.483579517994,2278.511128342765,2424.4592539414357,1140.1615614096897,-41.57332872568223,0.0,-1.988998567611201,FINAL
1318,Huehuetenango,San Mateo Ixtatán,0,1836.3222403111456,1805.9433702605252,414.32715735525005,980.938344055047,3097.1761363983037,1265.3340197550729,1528.1965343186255,2152.426719054487,2391.662024215942,1009.258407068891,-44.11461490493495,2.2222222222222223,-1.9961612908060435,FINAL
1319,Huehuetenango,Colotenango,1,845.5555204647374,817.9713178903348,163.9158683527941,585.7363000663595,1341.4899163904377,654.6869115879739,712.771154480577,949.5446903913987,1055.0205097113035,672.7598006373935,-17.752641697445167,11.11111111111111,-1.0541732265691188,FINAL
1320,Huehuetenango,San Sebastián Huehuetenango,1,679.2960922901432,663.5026846705522,135.5268127430976,454.27900502047896,1119.5862401693341,525.9315654890713,554.7581864167083,773.456777537092,824.9319576912243,504.8521900401821,-23.911055417830678,4.444444444444445,-1.287154170596737,FINAL
1321,Huehuetenango,Tectitán,1,633.1913006595129,619.5497653228613,113.84028723366858,454.32246741995505,1010.2696322355805,505.4524924334759,524.3766128840076,708.2084550001746,779.1289343761224,471.5000496296615,-23.896339564594584,2.2222222222222223,-1.4203341800953466,FINAL
1322,Huehuetenango,Concepción Huista,1,1650.886025728622,1574.7145514715075,369.91246493640165,1016.3847161385247,2765.955056618157,1228.0032477337165,1303.095015880457,1971.1883750950033,2037.7121984074824,1133.4596073994785,-28.021265419799036,4.444444444444445,-1.398780704559668,FINAL
1323,Huehuetenango,San Juan Ixcoy,0,1306.834229676001,1265.0977964707595,285.3972477363125,805.1368336360675,2296.8506050085957,967.9805940666117,1099.018270278784,1509.1904517178714,1586.6045442556779,796.7665418373474,-37.019371620116225,0.0,-1.7872200656606234,FINAL
1324,Huehuetenango,San Antonio Huista,1,1379.480397281989,1311.9942841607462,299.75077861767915,932.745598863663,2222.3529518944165,1018.4779386263941,1134.9132340045323,1643.69012796929,1780.592790663823,896.8969459767228,-31.638654466360883,0.0,-1.60994895002686,FINAL
1325,Huehuetenango,San Sebastián Coatán,0,1416.3117525852888,1367.798564648775,330.84732354899387,798.4827606631909,2411.0611206434587,1037.838783843498,1148.0238098342088,1671.378863288763,1831.1116030263577,816.0918248076423,-40.33537935337728,2.2222222222222223,-1.8141900660978516,FINAL
1326,Huehuetenango,Barillas,0,2359.364128113009,2423.976381442973,509.1835103606533,1301.8752668508707,3794.8800811950714,1706.690980639502,1949.0558054649564,2712.7610844552805,2948.631225605814,1478.5863678428373,-39.00161820212757,4.444444444444445,-1.729784532194138,FINAL
1327,Huehuetenango,Aguacatán,1,803.2914956243511,795.77189438461,171.28723259384532,519.9192198438371,1351.1756565555418,613.0420640153693,641.2200864586392,955.3232476108343,996.398086708974,482.8976924802376,-39.317071149682384,0.0,-1.8705060400142508,FINAL
1328,Huehuetenango,San Rafael Pétzal,1,798.0905810944137,785.1050029432762,152.62095756772143,551.1114814731958,1280.0838195987048,619.4959145494313,676.3791008369593,909.5105536806192,971.5659046185973,651.7661146011818,-16.98357389676806,13.333333333333334,-0.958744256523907,FINAL
1329,Huehuetenango,San Gaspar Ixchil,0,791.4849631244277,775.182784999102,153.85100321925404,552.5681256846358,1277.5631489505013,620.8834966569856,668.0695721111039,897.4583428827298,985.5343089849218,663.509699834335,-14.406032657819704,20.0,-0.8318129918705459,FINAL
1330,Huehuetenango,Santiago Chimaltenango,1,910.1469603479447,906.3596941693883,179.10884249663167,634.6642710205092,1457.927867170334,698.8384403598357,761.8295693276754,1021.1593775645227,1130.8166604763574,704.4641567843643,-22.275432003852107,13.333333333333334,-1.1483676668138179,FINAL
1331,Huehuetenango,Santa Ana Huista,1,842.3288602462113,793.0571808907923,209.34050582685984,499.1758709767385,1398.6099418717195,595.2481222351104,681.9512598940272,1045.5276252961974,1096.2403105284716,500.6713235498344,-36.868193667011354,2.2222222222222223,-1.6320660702852847,FINAL
1332,Huehuetenango,Unión Cantinil,0,1375.9756716281888,1335.9000258105727,281.7679836932132,971.0506866805575,2197.6671475803805,1036.5868548363899,1103.233915138052,1583.9745886130313,1793.954116284211,982.477875230915,-26.455733494369447,4.444444444444445,-1.3965312568148667,FINAL
1333,Huehuetenango,Petatán,0,1663.5208422635565,1615.0195165370867,358.28256173783313,1049.6332146960017,2703.997830902587,1228.9524097568394,1312.4110753199082,1964.747848193502,2087.679337773182,1171.7687874900016,-27.445533908933818,4.444444444444445,-1.3725257863188598,FINAL
1401,Quiché,Santa Cruz Del Quiché,1,820.171415553308,798.0323237745503,174.8936226672269,529.1457376460411,1315.8580676606525,605.7610784413513,674.3356013513132,985.1591344609091,1029.2329982483407,412.55550004188933,-48.30340980543551,0.0,-2.330650536566427,FINAL
1402,Quiché,Chiché,0,867.3887500485131,856.4063459989309,175.3471138480973,585.1834627000076,1395.3437761000832,642.9878334317165,729.3215866980281,1032.0391965287183,1083.849047896664,434.2572446014485,-49.29308421986043,0.0,-2.4701376369518413,FINAL
1403,Quiché,Chinique,0,904.0563580550461,887.1200877277756,187.33391244256566,592.9641807776335,1423.8279845750583,668.313201797039,761.7718468254798,1090.4630069367822,1144.7997106173698,473.8193559724389,-46.58903991385701,0.0,-2.296631701505261,FINAL
1404,Quiché,Zacualpa,1,863.2094519486576,830.209353634657,165.91413211915975,574.2440836608536,1370.6963821430204,677.7689697710136,733.0032528114091,1014.6152473657124,1083.6475107767205,460.46391302334433,-44.53640988174452,0.0,-2.4274335994239533,FINAL
1405,Quiché,Chajul,0,1946.8579672617145,1894.614285161355,379.6405405242444,1153.2974962066191,3092.1780228486423,1508.1116602675118,1651.0575628546972,2258.9612472665744,2389.7793188259725,1249.5781220763859,-34.04577745121533,4.444444444444445,-1.8366843652220524,FINAL
1406,Quiché,Chichicastenango,0,800.6836977957643,790.4601200282909,171.47348210335065,535.5908274160333,1342.8325820977623,595.8198359303026,658.60638379067,941.9373142637262,1006.5761370481648,376.3216112375678,-52.392081307770574,0.0,-2.4747971601954437,FINAL
1407,Quiché,Patzité,0,786.4217378008573,766.5994600226577,174.33308098671867,506.15095170809263,1326.6345172476827,577.6314510555476,646.7673402461063,953.4587635594911,998.9672473444949,380.64015975779324,-50.34693088010484,0.0,-2.3276223637324343,FINAL
1408,Quiché,San Antonio Ilotenango,1,679.9835129173761,658.324681447824,146.6798644492502,433.10060836960133,1128.9790297596428,513.158171405157,564.3308279558945,811.6463120527916,857.3991852248834,356.8306457504505,-45.79716425553287,0.0,-2.2031167562111653,FINAL
1409,Quiché,San Pedro Jocopilas,1,680.594217481342,667.3826161332735,148.58928532011745,422.9701137984742,1117.3154840332268,498.34607166296,554.9577280324265,806.949977979396,848.3577308420192,360.2893533151519,-46.01457325894691,0.0,-2.1556390386839293,FINAL
1410,Quiché,Cunén,0,1144.9588699796086,1095.5869249769385,240.8065744162574,660.3054267220365,1865.5659545774613,875.6837503867263,937.1728163426382,1326.0650574327417,1445.9713677402522,681.0287710464396,-37.83891031186093,2.2222222222222223,-1.9265674122801193,FINAL
1411,Quiché,San Juan Cotzal,0,1317.6585990630545,1285.2905586374538,273.4693459206109,764.2290233892599,2148.143350262569,1004.0905001920664,1090.2474936247563,1522.5429978057184,1654.6599470912433,802.1573698093695,-37.58941397190823,2.2222222222222223,-1.8850420968328083,FINAL
1412,Quiché,Joyabaj,1,763.871436675013,749.7198841695089,147.26967914685483,520.4822364910649,1223.9557238810162,604.0623563673902,654.7864711568752,887.0817290310903,955.4639422953504,380.4708322875286,-49.25160178871479,0.0,-2.603391319982193,FINAL
1413,Quiché,Nebaj,0,1558.0613824661013,1515.3924190359894,319.1160314421374,937.9408350992653,2581.867706364802,1192.7112075699872,1317.122993331476,1815.7833051118396,1886.4176100864856,966.0115295475753,-36.25337454425834,2.2222222222222223,-1.8552808213456284,FINAL
1414,Quiché,San Andrés Sajcabajá,1,1120.7685812384198,1095.3118548792909,225.88147333126602,675.2149360391049,1768.0354261785494,877.7986856346483,958.2107741915065,1296.1334555984909,1419.887200752094,630.538713507427,-42.43295088074111,0.0,-2.1702969283011853,FINAL
1415,Quiché,Uspantán,1,1736.623192633712,1703.8583214946364,319.36561943009195,1073.68402515968,2682.374918196876,1353.5140326436572,1472.6187224949022,2015.477927641279,2066.0095158943013,1139.124112257338,-33.14443472869913,2.2222222222222223,-1.8708935590581455,FINAL
1416,Quiché,Sacapulas,1,689.3977154822514,656.4806664650977,149.54593899636225,407.9572205558229,1125.6376186059115,521.4422301341635,544.0017826757437,813.3842821994081,875.7699040385183,370.9133035082243,-43.49973693734906,0.0,-2.129676098939566,FINAL
1417,Quiché,San Bartolomé Jocotenango,1,751.3584663155121,729.8925473336144,155.93768250796947,466.7436696447304,1189.652166526166,563.3775834242459,638.3420030220033,873.166152221112,952.977325483738,398.6353768602759,-45.38437495813061,0.0,-2.261949028498674,FINAL
1418,Quiché,Canillá,1,1047.9020069017665,1027.4314233172977,205.75669744987582,665.8004168906742,1644.2067520726914,823.0136353858774,887.7695852209862,1230.3914083431712,1303.7846391796757,604.6771153116734,-41.146717767368365,0.0,-2.1541213339996705,FINAL
1419,Quiché,Chicamán,1,1199.7535060507382,1168.753104051689,217.83134144973704,723.411493115136,1807.7277057486679,971.1943322652521,1003.9096492076075,1398.635602519131,1449.4678597898978,759.7032077680781,-34.99882865470622,2.2222222222222223,-2.0201422593919913,FINAL
1420,Quiché,Ixcán,0,1982.9818046337205,2004.7784476589954,404.4784901346387,1222.8908085392268,3082.94623021681,1472.0257277409269,1631.4354586062143,2207.2079612854623,2426.446314554581,1447.9893037502263,-27.773101040613174,6.666666666666667,-1.322672314924364,FINAL
1421,Quiché,Pachalum,0,723.1904726663884,673.2736065494029,146.01164386019076,471.2302607733846,1162.405211770949,569.3566941748327,625.019015581276,878.5325050818104,905.4135940056419,364.3801394395276,-45.87933703401598,0.0,-2.457409037668456,FINAL
1501,Baja Verapaz,Salamá,1,737.0828079383101,694.8112182132469,174.56128538592358,397.89402600815225,1179.1910751339144,565.5546179598385,590.3633540996931,884.4048763696916,981.7715077542533,450.7713206246601,-35.12319478896031,4.444444444444445,-1.640177469366514,FINAL
1502,Baja Verapaz,San Miguel Chicaj,1,676.1855551676214,636.7067184506385,155.39242768672088,386.2304776886439,1017.0158185525637,523.035558040016,545.1718469793599,810.6610323306458,903.1881646395171,449.63546316716287,-29.38107135710687,6.666666666666667,-1.4579223413459705,FINAL
1503,Baja Verapaz,Rabinal,1,610.5828072059969,569.9419300555348,129.6217888424621,354.63171390662006,906.0801118027593,483.494764635823,506.5996412891557,716.7861413822196,794.8464898523213,400.98438929655464,-29.644693932681363,2.2222222222222223,-1.6169998869879896,FINAL
1504,Baja Verapaz,Cubulco,1,746.6781819037498,700.5587277539829,144.42014781052524,456.7653403224518,1130.131493534435,588.0909149216636,638.4875744516457,884.1205751491973,939.0058950997479,449.14581836412617,-35.88748515001673,0.0,-2.0601859785518073,FINAL
1505,Baja Verapaz,Granados,1,671.5372184931995,618.9640753648927,142.413719090397,411.87391538613787,1066.5938002509974,526.3333883117324,580.4779362489726,809.4508368088516,854.3318791874121,350.23041846305864,-43.41668080549097,0.0,-2.2561506158419444,FINAL
1506,Baja Verapaz,El Chol,1,573.2604236953914,537.1164965015267,124.70022709498384,342.3463144812622,908.9002864795932,438.9402830747629,464.70428510635213,676.6479875957966,737.3080768869568,327.50759872556483,-39.0248482668538,0.0,-1.9707488165409457,FINAL
1507,Baja Verapaz,San Jerónimo,1,652.67686732031,608.9451235170055,163.3270425691117,325.4527446340128,1080.597172133647,488.2736005504937,519.1691551698312,800.9835131942649,869.570308273194,375.97737096282543,-38.25759392055862,2.2222222222222223,-1.6941437988776376,FINAL
1508,Baja Verapaz,Purulhá,0,1363.498860191597,1285.5429119364148,298.4793987224034,765.0915990723228,2180.731397013949,1068.1457298385085,1126.8729755603588,1654.0212915073555,1757.3005963926526,885.7192657108791,-31.101540253003375,4.444444444444445,-1.600712131308835,FINAL
1601,Alta Verapaz,Cobán,0,1553.7122917285308,1580.9880159124352,300.50123724106487,1005.5347972731349,2277.018285659769,1167.2767597252343,1286.5314089631402,1779.398773286238,1934.4849232688398,1139.150564624629,-27.946919700894046,6.666666666666667,-1.3795674550628774,FINAL
1602,Alta Verapaz,Santa Cruz Verapaz,1,1017.5683610328467,1005.3773909938809,211.22252708299484,590.552258045718,1491.616329272684,777.183479452314,800.9602369057948,1198.8196562975731,1321.6422434081308,617.7046774094159,-38.55991959409643,2.2222222222222223,-1.8930920349528528,FINAL
1603,Alta Verapaz,San Cristóbal Verapaz,1,909.8980238578338,909.4840158779899,174.7231911713619,518.3417172951528,1316.5671079823599,710.4547933947264,743.4981316144069,1070.97542625328,1131.793187242267,559.6464925059444,-38.465494419307895,2.2222222222222223,-2.004608140475044,FINAL
1604,Alta Verapaz,Tactic,0,1053.1189715268413,1051.06250065869,217.23433375520173,605.4839823613318,1549.1111120625008,793.9090730745199,866.8579993899108,1243.3386168207496,1352.1410186920095,644.9304911375222,-38.640138837285996,2.2222222222222223,-1.8790237865866124,FINAL
1605,Alta Verapaz,Tamahú,0,1231.3018015405569,1222.2746380327367,250.7826709464337,713.1555355849342,1870.911214587312,921.5560657583144,1046.6494466807874,1435.9038370808328,1568.460005491698,730.6405039073428,-40.2228859887565,2.2222222222222223,-1.996395108736016,FINAL
1606,Alta Verapaz,Tucurú,0,1616.9184348434617,1537.4105659031675,329.7523448253469,918.360753076993,2490.180926307238,1234.121935914427,1399.4413605244774,1916.6092034581147,2075.759907559702,1033.0021220865085,-32.80896170505626,2.2222222222222223,-1.770772283867228,FINAL
1607,Alta Verapaz,Panzós,0,1532.8891794439207,1540.9514638652129,279.67610295255383,986.2464121823411,2297.5351378076816,1195.6844613706367,1307.228076773748,1751.6784926858054,1800.059284476319,1017.629908751948,-33.96093695258917,2.2222222222222223,-1.8423428575139464,FINAL
1608,Alta Verapaz,Senahú,0,1835.985203777119,1821.167386979848,348.0061913597451,1211.969704335964,2671.354450208356,1428.3143367362609,1530.8054442941047,2131.1944046457816,2257.018886430881,1283.444668424216,-29.52626553714924,6.666666666666667,-1.5877319113030501,FINAL
1609,Alta Verapaz,San Pedro Carchá,0,1588.7189294749076,1574.4281755045317,296.76549226011576,970.29427378451,2278.8418219221935,1243.4323525837451,1293.1740256132773,1873.9486058825303,1952.0706408200977,1185.9799815990339,-24.672335007026795,8.88888888888889,-1.3570949398755294,FINAL
1610,Alta Verapaz,San Juan Chamelco,0,1162.6363032215243,1150.3812002956436,229.56630688764034,677.4867092521811,1736.8711600295999,886.6054912594902,965.7099427548701,1394.1418316369277,1472.2241661450946,705.4490949847712,-38.67692771722334,2.2222222222222223,-1.9915257357889202,FINAL
1611,Alta Verapaz,Lanquín,0,1693.8883275379517,1657.1473471346867,319.5980298298211,1049.835835968394,2428.6628286824966,1326.3247503107877,1426.186944532857,1991.273294317856,2109.0613643776496,1269.2714213941147,-23.406242444960263,8.88888888888889,-1.3285967575267474,FINAL
1612,Alta Verapaz,Cahabón,0,1449.866450917251,1445.9775441684528,262.495707447714,922.3519696918835,1995.4060045279382,1124.3989706006148,1213.416574632168,1731.1239354308027,1785.2669004049803,1068.8745548783002,-26.07944990646557,4.444444444444445,-1.4514214336813107,FINAL
1613,Alta Verapaz,Chisec,0,1950.6273463157247,1930.678573177393,389.20982122138855,1124.432199968113,2756.9319480683553,1501.371262483719,1582.3713040882603,2292.593346663795,2464.6863517627644,1599.7607451806307,-17.139975166977585,26.666666666666668,-0.9014844487583361,FINAL
1614,Alta Verapaz,Chahal,0,1581.8659460042195,1588.2396016072676,272.93651369041316,1081.3768962544063,2169.9475731663815,1269.0156464145575,1322.801097179266,1812.660650315921,1909.2320287620657,1248.9474170099952,-21.362783313922865,8.88888888888889,-1.2197654483556848,FINAL
1615,Alta Verapaz,Fray Bartolomé De Las Casas,0,1306.8423101067767,1300.8514882609882,243.0194306871018,816.1234442932224,1711.911413824441,1010.0054725832957,1085.4036254412636,1541.6160747126198,1626.6441133200155,1104.9715330467661,-15.05782612249454,24.444444444444443,-0.8306775161527232,FINAL
1616,Alta Verapaz,Santa Catalina La Tinta,0,1463.0759920961766,1411.3139346209184,302.5543822008545,853.9715750539303,2310.8922115056475,1159.1504965758595,1253.9417105097714,1748.4238529631543,1814.9633376946633,951.8540782206594,-32.555468002494486,2.2222222222222223,-1.6896860331579537,FINAL
1617,Alta Verapaz,Raxruhá,0,1750.984072689626,1741.1713415529377,349.33955656770536,1004.6869410482649,2403.634445778818,1333.7448846125237,1407.6492587506664,2081.9095734529624,2228.30637761151,1510.5497338673042,-13.24519891764034,33.33333333333333,-0.6882539761159948,FINAL
1701,Petén,Flores,1,665.0379308412522,632.7231552919933,150.85208944118935,390.0660275200432,996.0826950569672,482.6658801611972,525.4429775942998,801.6708101186305,867.9349265135254,437.5282167342068,-30.849975526453843,2.2222222222222223,-1.5081641556959773,FINAL
1702,Petén,San José,1,688.5870364206187,656.7428472938223,151.9613147461473,462.63019028359616,1042.992765993398,498.36989212097006,564.3419175873514,808.1693851564557,902.9066555559049,518.1251189972412,-21.106850096315465,13.333333333333334,-1.121745476525625,FINAL
1703,Petén,San Benito,0,905.2948869348319,930.8253484658907,183.27453263731115,532.1785275203572,1318.2165309838522,681.6246372816777,741.6902591843642,1024.099548944709,1161.4392142575327,751.2377436721945,-19.293372821193323,22.22222222222222,-0.8405812910597178,FINAL
1704,Petén,San Andrés,0,789.4483967513903,751.1520751159225,173.46235633155368,520.3795354073183,1227.527240863133,586.2477677409505,632.5145581103502,900.2002957432944,1026.5077225911011,635.4240329413736,-15.406739328609184,22.22222222222222,-0.8879411479665162,FINAL
1705,Petén,La Libertad,0,1030.7725615507966,1038.1929140187788,218.0788875370228,649.9645136680444,1624.3918117655203,741.1672142343236,836.0165116094435,1175.2238860072243,1300.5280819509362,892.9590479123934,-13.989102039253407,28.888888888888886,-0.6319433999084704,FINAL
1706,Petén,San Francisco,0,965.674005497682,969.5362100378059,185.89970271469133,582.3211118092228,1343.5267517996956,729.9658408362473,799.2749062706978,1130.2805539758772,1177.0107397613272,744.1953835260408,-23.242125892644914,15.555555555555555,-1.1913877146514558,FINAL
1707,Petén,Santa Ana,0,781.6277845590836,770.9300322437916,163.5678827914945,453.2519966777435,1114.9442681696455,575.0813163482726,642.6264380379391,911.943220213364,1000.0847170788552,555.3124326665591,-27.968504346584815,6.666666666666667,-1.383617297174509,FINAL
1708,Petén,Dolores,0,896.7817009660795,882.759535814236,174.08437496061973,543.4043636530852,1308.7642382547788,690.8611132125865,754.1645186932885,1049.3364658217652,1141.624549069745,653.621195086634,-25.957050751793957,6.666666666666667,-1.3967968459802997,FINAL
1709,Petén,San Luis,0,1259.1143412479544,1262.2479161227675,233.53651863093086,789.9817400566108,1726.027938970488,988.2318559299272,1046.6143265286407,1471.029176875506,1563.760949772625,1081.0228849467019,-14.357324647659746,31.11111111111111,-0.7625850438521742,FINAL
1710,Petén,Sayaxché,0,1193.4223172269135,1183.5489244738437,241.98446642728132,667.8643289035446,1700.9551739044687,862.7093682563309,1001.9437058359425,1398.2506005949754,1503.9612036964413,924.6849913783437,-21.87184050803646,13.333333333333334,-1.1105561022832344,FINAL
1711,Petén,Melchor De Mencos,1,630.6097621075538,631.3363597575196,143.0652304309987,316.9074603224133,958.4884925013768,460.80853604185074,508.3458310931739,739.1266477525505,827.9378017854752,397.44176048122614,-37.04754140346463,2.2222222222222223,-1.6298020205460484,FINAL
1712,Petén,Poptún,0,983.2025145079061,967.333854351013,184.497946473166,593.9745927657743,1389.6028374237046,752.0669619902212,825.9266689400682,1147.1995733936783,1199.5413995621732,789.3533965858281,-18.399072560588962,13.333333333333334,-1.0506844202207533,FINAL
1713,Petén,Las Cruces,0,1095.94075175201,1108.149130729263,234.39303694558225,661.8982128197196,1692.4400935898373,768.3417752787695,912.1418526404417,1261.9968443624382,1387.7972946074415,874.7663035438181,-21.06059741542709,17.77777777777778,-0.9436050280774374,FINAL
1714,Petén,El Chal,0,947.8876539753746,940.4299656792523,181.1037496662572,536.6803615880951,1280.87893580826,697.0316307083061,784.7689240547834,1124.3768949728462,1176.081140545137,703.3142435593115,-25.21354388667073,11.11111111111111,-1.3504602244115294,FINAL
1801,Izabal,Puerto Barrios,0,1145.199280220312,1125.0695268227496,228.70290993830196,623.0322856002032,1660.8977342037017,911.8701522427672,960.5029597642194,1340.952626818126,1424.0132759848343,1077.1364821756451,-4.260451776919927,35.55555555555556,-0.2976035506632966,FINAL
1802,Izabal,Livingston,0,1671.6612861785597,1696.8682721905354,250.51176402965342,1127.653390662093,2139.3826685071094,1340.51598219342,1458.148819747494,1857.5617222170038,2033.4856650754355,1621.094905140444,-4.465483166367024,46.666666666666664,-0.20185232112345047,FINAL
1803,Izabal,El Estor,0,1464.6517962082726,1493.7811196449093,233.09537852113175,1012.9479509078508,1981.5917141413327,1176.5818163607184,1230.5196148480231,1659.7881215387451,1713.790637921602,1120.88979527865,-24.96291588254244,6.666666666666667,-1.474769697754682,FINAL
1804,Izabal,Morales,0,870.1686351759024,880.2766433628985,157.6859387489477,461.13901663292165,1157.5203809981892,667.2226608496636,724.8385901727593,992.2095045347115,1067.9604690865885,785.6657364153336,-10.747860648230454,26.666666666666668,-0.5358936848205984,FINAL
1805,Izabal,Los Amates,0,1031.3838760251824,1030.206803473321,195.18899505996208,567.0543460108456,1492.7605404212784,804.1894601871506,858.607359778813,1194.1135691296688,1287.886610099855,786.897146356507,-23.61755487310902,8.88888888888889,-1.252564108922068,FINAL
1901,Zacapa,Zacapa,1,662.144907771426,664.0155717788689,155.59196709103114,323.92810421672147,1103.6001123659976,493.40493164909043,505.9679168749428,794.6615100874578,858.2994098796177,311.8926965924995,-53.02930987643069,0.0,-2.251094434547555,FINAL
1902,Zacapa,Estanzuela,1,526.3289604192655,523.3446573824335,130.8599930107165,247.45669780911078,929.6083865715973,387.1796661734586,412.7506951587912,642.611271331862,698.7152710018865,242.1936870797009,-53.72195289218017,0.0,-2.1712921329309256,FINAL
1903,Zacapa,Río Hondo,1,733.0356745219029,727.7798935051619,159.04798778744575,371.24840440782486,1203.8995784871295,547.3601287348649,602.8938654706834,846.8446395931037,943.6248581828279,374.3052466891352,-48.568894245430215,2.2222222222222223,-2.2554854847467847,FINAL
1904,Zacapa,Gualán,1,958.802550745991,977.2239900819606,198.06439072139466,524.552506405862,1527.8390694040104,707.1345515489209,780.9842282721852,1101.5805567429757,1208.2402220510432,619.5297459834705,-36.603096908057886,2.2222222222222223,-1.712941955526752,FINAL
1905,Zacapa,Teculután,1,969.1621383841864,941.9054337247005,221.40891730395057,498.75692427511007,1614.6661116657797,741.6609622640154,789.4826205339244,1161.7944947561673,1243.9673251590486,510.77335164667534,-45.77233198168768,2.2222222222222223,-2.0703266712073485,FINAL
1906,Zacapa,Usumatlán,1,1005.4934446693854,974.0667293919557,239.98858267531918,510.5652214601139,1702.9566496863272,744.039068992718,819.4455924740805,1201.3947025592208,1310.5029288958328,486.1098574666835,-50.094809441840894,0.0,-2.164201235795357,FINAL
1907,Zacapa,Cabañas,1,885.045191116118,866.0607243670917,214.32620867905482,455.35726590089797,1527.073835936567,662.5302628028478,693.8712349707208,1051.1154415820195,1158.7598519711473,387.94706052660376,-55.20555896237974,0.0,-2.3193529790558625,FINAL
1908,Zacapa,San Diego,1,822.5685530813441,794.9275759823421,194.11179056112846,432.7393800261934,1361.9672521824127,614.087425784621,654.4236903948974,983.1181869541933,1067.4487185379364,355.05426468120794,-55.335017250792305,0.0,-2.4084796036792495,FINAL
1909,Zacapa,La Unión,1,892.0191140925615,906.1201059250459,199.82655088988824,461.0348288255968,1416.5426152559846,677.1840403645789,689.5436817140096,1067.29238706048,1122.623250867495,469.967604295715,-48.134071717133864,2.2222222222222223,-2.1120892489878003,FINAL
1910,Zacapa,Huité,1,639.1525254872814,632.2933457663404,159.9139864194263,326.062210051799,1131.4180075680479,479.1050087666258,487.20237401413215,774.5265572909389,847.3182172491884,282.3197492107083,-55.34987816951696,0.0,-2.2314044210033224,FINAL
1911,Zacapa,San Jorge,1,551.7870889948197,539.1276583290166,137.95445207811346,276.4257357249376,966.9612325554675,397.0815710197161,429.74020111532786,642.6951027768913,735.379490154509,245.15489353290647,-54.52748718313865,0.0,-2.2227060514748005,FINAL
2001,Chiquimula,Chiquimula,1,605.3332446218732,607.1199490036165,143.15494929255973,314.62555675131864,994.1755681119458,436.30924833247536,486.52762331872395,708.2262657078367,778.3626884708201,244.89069176772338,-59.66354059529271,0.0,-2.5178490484288356,FINAL
2002,Chiquimula,San José La Arada,1,618.226868876913,604.8386603484951,139.19787226693143,327.955632578151,992.4281935701483,449.6200324038498,510.86380164720487,725.318142645146,788.6407860318087,255.6553693785634,-57.73164214879052,0.0,-2.6047201267780014,FINAL
2003,Chiquimula,San Juan Ermita,1,797.6959741772505,805.1012347270615,185.25282409997575,387.2068039377431,1220.3518437183602,552.458272523278,644.9147294531818,948.850500291295,1018.0373833240106,331.2889650747935,-58.851266053876536,0.0,-2.5176782668141686,FINAL
2004,Chiquimula,Jocotán,1,764.8060180908973,776.0845423546282,170.4545949105898,389.57241037309126,1171.8346535846622,540.1648625031532,612.2653382312884,919.3793813670023,976.2201975782776,336.128863164823,-56.68914340891092,0.0,-2.5149052458863457,FINAL
2005,Chiquimula,Camotán,1,846.339488604652,851.8307177571073,188.23661778860887,433.63979980141335,1294.2173354598374,615.727400439516,669.9118555183072,1012.2460513127168,1048.2209726194665,398.0213956351036,-53.27458996981179,0.0,-2.381673120970613,FINAL
2006,Chiquimula,Olopa,1,914.3991210783402,933.3245927046038,194.42264519807955,471.9290657465238,1333.340105621587,641.1771649926992,743.7697942938163,1078.3130081975207,1165.8630651054953,410.73334171531764,-55.99244411581532,0.0,-2.5905715810515964,FINAL
2007,Chiquimula,Esquipulas,0,1004.3636911115124,1001.9670854688704,194.21787378994628,551.4979478191862,1428.4892938336739,747.2404164736238,839.1417852210627,1192.5488745336963,1217.306489970822,509.1229021396841,-49.18766199775514,0.0,-2.549923852566985,FINAL
2008,Chiquimula,Concepción Las Minas,1,988.4437197313028,985.2832063320819,172.86779170666156,537.6962696731048,1383.158812671534,780.3163202208625,863.9712999688782,1158.5730709042286,1215.4660773972648,529.0920663805923,-46.30050903331179,0.0,-2.657242559852803,FINAL
2009,Chiquimula,Quezaltepeque,1,886.1384305243088,871.4014274843901,180.26941970800442,455.60048968369307,1278.3966730804975,644.3341602543948,745.0590234228811,1050.6710278422206,1098.408235866979,390.35512819460547,-55.20375387477798,0.0,-2.7502351931501186,FINAL
2010,Chiquimula,San Jacinto,1,715.6017666246838,689.3793479870876,151.7217424488989,366.7139361768908,1089.305259312579,541.5050388666772,605.4647541813969,845.3125599778954,894.5696083378352,293.1822998145703,-57.47155747113246,0.0,-2.784172261614961,FINAL
2011,Chiquimula,Ipala,1,617.8121034388889,596.931126880725,129.79034965885648,314.3637746736403,935.8036660907798,464.050636441797,520.0203059110128,738.3644447071656,787.0916171851098,278.59664216635264,-53.32851151150976,0.0,-2.6135645844559083,FINAL
2101,Jalapa,Jalapa,1,793.4383897951086,800.209136503004,167.26644580337955,455.19804270597996,1268.3049977226744,596.8459697395962,633.1762254920612,934.8840168906463,982.3576288329364,428.90015337969277,-46.40149258304767,0.0,-2.179386515116892,FINAL
2102,Jalapa,San Pedro Pinula,1,760.9742585157265,747.6731579734328,177.17944437925806,392.5603271168905,1200.4749518908227,552.7269988426517,601.2281960181114,911.767007185489,950.7732710377784,347.863922815772,-53.47379812876301,0.0,-2.331592906543262,FINAL
2103,Jalapa,San Luis Jilotepeque,1,609.0976144365395,592.8512629405656,133.3674210549345,316.0052273802255,956.2971591494543,461.18504409495034,503.59831589424226,706.295510532573,770.16700199395,268.74454656867204,-54.66914496636331,0.0,-2.5519955711498303,FINAL
2104,Jalapa,San Manuel Chaparrón,1,686.0155401913403,663.629270847391,141.22811189948516,364.330415739444,999.1987697097327,536.4915976429993,549.0975652808223,797.1273924863132,847.8355846948714,340.7425101132955,-48.6546894355338,0.0,-2.4447896770282,FINAL
2105,Jalapa,San Carlos Alzatate,0,991.6977951193583,970.4812457630992,190.00990963035906,654.2125559620257,1598.1765712817398,779.2741284213058,827.9053169271077,1152.1763200924188,1197.0382878931032,601.96179880853,-37.972856102417374,0.0,-2.0511351069479047,FINAL
2106,Jalapa,Monjas,1,717.8190514103777,718.7585920493976,144.22761123679678,418.591619932017,1131.7483458052532,551.8287554419434,590.1377658988994,835.8523842300508,864.8336040550727,382.13387490962845,-46.83418339110918,0.0,-2.327468184643316,FINAL
2107,Jalapa,Mataquescuintla,1,927.9820263941452,916.5981113086435,181.87031910664015,638.6374622234597,1546.513519595186,715.4598960095225,755.4759291498265,1056.47455270107,1114.6854528220695,525.6260295300139,-42.65468987498041,0.0,-2.2123235877109164,FINAL
2201,Jutiapa,Jutiapa,1,846.1911803521257,820.4766983567727,154.2340843592022,507.2110358962643,1351.2925602429968,656.2553708352112,721.5389665909121,961.7335252996864,1017.1900740472151,513.0654793880857,-37.46739177168119,2.2222222222222223,-2.1598708375524156,FINAL
2202,Jutiapa,El Progreso,0,784.4818125784279,768.604912350704,148.43674599349708,445.6547139350067,1200.6106523588282,595.8836508365716,654.9127447854092,906.0221404746462,928.2097140969739,470.555370053667,-38.77799081266359,2.2222222222222223,-2.1148836187672413,FINAL
2203,Jutiapa,Santa Catarina Mita,1,720.3914680775822,700.2891670887329,138.85851879017798,393.30610710110153,1059.5362965939555,562.9905667273496,606.7962104305589,831.7334648749869,859.3416350117549,406.6467496072989,-41.93159501555262,2.2222222222222223,-2.2594560362865956,FINAL
2204,Jutiapa,Agua Blanca,1,646.1143884578172,640.0430112624771,124.23271475481177,319.04090953638394,924.7199541829016,526.0909403112032,551.0861503832517,765.1991725983214,802.6833631721227,338.29990514669373,-47.14419200056552,2.2222222222222223,-2.477724840181046,FINAL
2205,Jutiapa,Asunción Mita,1,828.2578853843715,825.0267459750874,137.04358512582877,442.92456843380893,1187.736161762003,658.5016771898476,716.5519245160601,936.3753830949212,988.3246611899953,526.5526818649676,-36.177501586007075,2.2222222222222223,-2.2015273698684146,FINAL
2206,Jutiapa,Yupiltepeque,1,974.9132260102331,963.3757740896339,194.5655198343248,534.0518304278041,1543.7797216050235,769.7714527406293,828.0699629404594,1107.722923745414,1192.9631055440066,606.7802622394812,-37.015204392816145,2.2222222222222223,-1.892077096107379,FINAL
2207,Jutiapa,Atescatempa,1,987.20448875801,996.663723770862,168.99465373614626,553.5764307394702,1442.9844023971532,799.1495137725335,854.7764344406814,1126.7057003954405,1154.7172133336067,649.2401534054491,-34.85865513906147,2.2222222222222223,-1.9998522313033018,FINAL
2208,Jutiapa,Jerez,0,1103.442492567377,1091.5380927321694,181.97122414511912,619.9776532243176,1662.992244274172,910.8210355509177,960.1138620446419,1211.537394812554,1322.391935975908,724.2627041624858,-33.647509969201046,2.2222222222222223,-2.0837348882288196,FINAL
2209,Jutiapa,El Adelanto,1,929.3442217187096,909.3504939515228,187.01579972366176,514.254470523166,1447.899346867517,746.9648824339513,791.505012810311,1042.9272181252836,1123.8695549669856,573.4405331152726,-36.93954784986981,2.2222222222222223,-1.903067490176377,FINAL
2210,Jutiapa,Zapotitlán,1,1013.6535803693209,988.7031916194172,182.0261909854062,570.9806212805753,1555.0929107817676,830.1544148328308,859.2054921100965,1136.4326380820016,1249.354318730114,649.1473131468057,-34.34356046898625,2.2222222222222223,-2.0024935161761377,FINAL
2211,Jutiapa,Comapa,1,971.6863393752463,943.7553912792691,172.44817186352384,557.3978257751679,1553.8631661243317,796.6011556793079,836.547621886526,1086.3873764165955,1174.603181329307,604.752113017416,-35.92067196589267,2.2222222222222223,-2.1277942374954457,FINAL
2212,Jutiapa,Jalpatagua,1,974.1767878167823,958.4825036693094,174.09709034417662,573.6548799224132,1639.3039890607467,789.6744249436646,841.3371148214861,1098.8890088934124,1139.1406529031503,592.512206401429,-38.18226163407835,2.2222222222222223,-2.192251350443776,FINAL
2213,Jutiapa,Conguaco,1,1057.2860638812178,1038.683223773962,196.5643055042153,616.0255811514627,1833.4524999037633,849.6834853643801,913.8342480386926,1185.2176137232532,1253.9876095193845,655.1005215924154,-36.9297099829757,2.2222222222222223,-2.0460761747008926,FINAL
2214,Jutiapa,Moyuta,1,1047.356488048507,1037.6180575779679,208.57601055190463,625.9515956011514,1930.3998850394719,829.1561093904646,886.8244891673394,1138.5385469451235,1253.2605234092746,663.1141239628269,-36.09265768652069,2.2222222222222223,-1.8422174394310817,FINAL
2215,Jutiapa,Pasaco,1,1091.9948910997716,1067.3703315772075,225.2805060991107,678.7853045570117,2064.0159884702894,879.0553432482807,908.6404448486812,1215.1941416049458,1324.902187837919,704.0235780125855,-34.04130158159071,2.2222222222222223,-1.7221699285267968,FINAL
2216,Jutiapa,San José Acatempa,0,914.6867338150578,893.5954903387268,166.73541926756351,618.4994089838714,1571.235523985491,759.7477314250914,777.5533874737779,1026.1992486662298,1092.700520007803,519.995589725986,-41.80861526853989,0.0,-2.367170369816286,FINAL
2217,Jutiapa,Quesada,1,810.1318499611182,802.1901860503258,151.46639654813117,513.3290292781295,1342.5718854421289,636.8840248356529,684.2994271885204,925.3223368188172,984.2884356739761,458.19186356228033,-42.882389796085654,0.0,-2.3235515891275766,FINAL
