codigo_municipio_4d,Departamento,Municipio,maga_department,maga_municipality,mapped_area_ha,agricultural_land_ha,maize_bean_ha,A,total,agricultural_share_pct,agricultural_land_share_of_mapped_pct,maize_bean_share_of_agricultural_land_pct,ag_workers_per_100_agricultural_ha
0101,Guatemala,Guatemala,Guatemala,Guatemala,21466.42055406609,2151.445350765659,381.695070068622,3677,433053,0.8490877560021521,10.022375856035021,17.741332352819647,170.9083616133417
0102,Guatemala,Santa Catarina Pinula,Guatemala,Santa Catarina Pinula,6723.877645078345,706.401221551772,198.224623254254,531,36964,1.4365328427659345,10.505860737499205,28.06119485733734,75.16974543638769
0103,Guatemala,San José Pinula,Guatemala,San José Pinula,19766.70690490929,9801.22057885838,972.92462633214,3295,34372,9.58629116722914,49.58448883776454,9.926565967005955,33.61826186329736
0104,Guatemala,San José Del Golfo,Guatemala,San José del Golfo,7635.727902564532,1705.610516409682,1064.5943564759789,520,2517,20.659515295987287,22.337235404064575,62.41720171361014,30.48761689712153
0105,Guatemala,Palencia,Guatemala,Palencia,21736.37876172288,13916.566020496772,2927.21522483787,8531,25562,33.37375792191534,64.02430769656735,21.03403397452053,61.301042135216875
0106,Guatemala,Chinautla,Guatemala,Chinautla,6694.88464535069,756.343246753478,229.876610923858,764,47498,1.6084887784748831,11.297330526504679,30.393159707656366,101.01233841637217
0107,Guatemala,San Pedro Ayampuc,Guatemala,San Pedro Ayampuc,10668.222694646513,2014.7454377611487,1058.9798961279487,2273,22311,10.187799740038546,18.885483509565102,52.561473835857,112.81822295752819
0108,Guatemala,Mixco,Guatemala,Mixco,9019.497369424655,451.31090078180694,57.21840750455,1279,217942,0.5868533830101587,5.003725621249287,12.67826844098612,283.39665578305005
0109,Guatemala,San Pedro Sacatepéquez,Guatemala,San Pedro Sacatepéquez,2884.994698948051,829.9788912096719,99.740418751353,853,23094,3.6936000692820645,28.768818587857552,12.017223547213836,102.77369810655972
0110,Guatemala,San Juan Sacatepéquez,Guatemala,San Juan Sacatepéquez,27255.45929344141,8787.18664874935,3348.139420248979,11822,82187,14.384270018372735,32.24009749439021,38.102518520253675,134.53680310389885
0111,Guatemala,San Raymundo,Guatemala,San Raimundo,12477.921202616337,4128.460065274733,1601.137313310589,3192,11551,27.633971084754567,33.08612066254344,38.78291876377977,77.3169644257558
0112,Guatemala,Chuarrancho,Guatemala,Chuarrancho,11778.037801424618,2639.410558580046,1887.932576065096,1670,3776,44.226694915254235,22.409594900950268,71.52856799514997,63.271702637214155
0113,Guatemala,Fraijanes,Guatemala,Fraijanes,11498.084441460107,6357.883222379264,575.472373162299,1743,27984,6.228559176672384,55.2951515945894,9.05132027490974,27.414784748873224
0114,Guatemala,Amatitlán,Guatemala,Amatitlán,10078.320971275458,6111.393012688719,1276.493622103438,3783,46555,8.125872623778326,60.638999592362595,20.887113943631686,61.90078092090599
0115,Guatemala,Villa Nueva,Guatemala,Villa Nueva,8894.51819054402,2043.823051550765,793.51969854089,2528,185915,1.3597611811849502,22.978457154920466,38.825264150866744,123.68976845044693
0116,Guatemala,Villa Canales,Guatemala,Villa Canales,27955.342694151746,19912.025890150566,1014.07442794197,6715,62212,10.793737542596284,71.22797995359993,5.092773751582854,33.72333903664497
0117,Guatemala,Petapa,Guatemala,Petapa,2375.6042284866485,280.32494439083,109.26088756873,600,60017,0.9997167469217055,11.800153452724228,38.97651270605376,214.03732061870238
0201,El Progreso,Guastatoya,El Progreso,Guastatoya,21781.275379610925,1575.299802140862,779.158083833556,1071,9940,10.774647887323944,7.232357952810574,49.46093961128323,67.98705862493544
0202,El Progreso,Morazán,El Progreso,Morazán,34715.71951663719,4513.622447310803,1703.0063488966555,1984,4044,49.060336300692384,13.001667573525852,37.73036776505973,43.95582535225246
0203,El Progreso,San Agustín Acasaguastlán,El Progreso,San Agustín Acasaguastlán,42574.656015727254,6750.147167088978,1735.086871068864,4574,13750,33.265454545454546,15.854848397589977,25.704430260846085,67.76148559102529
0204,El Progreso,San Cristóbal Acasaguastlán,El Progreso,San Cristóbal Acasaguastlán,16453.867060045453,2703.717570911594,452.51718085923,650,2123,30.617051342439943,16.432110220927754,16.736850983538854,24.040972585048664
0205,El Progreso,El Jícaro,El Progreso,El Jícaro,11440.894126367119,2591.126694138648,170.977390899955,1519,4312,35.22727272727273,22.64793874953391,6.598573172308424,58.623146580833314
0206,El Progreso,Sansare,El Progreso,Sansare,14389.928113243233,3039.800266988378,1494.827041340271,1006,4113,24.459032336494044,21.124499323876478,49.17517303928791,33.09427961188629
0207,El Progreso,Sanarate,El Progreso,Sanarate,27385.77873494493,4275.052309754498,2130.1682724278257,2535,14954,16.95198609067808,15.610482912064962,49.82788789665486,59.29752003772736
0208,El Progreso,San Antonio La Paz,El Progreso,San Antonio La Paz,14721.881053552528,4755.423874880884,773.7606917547749,1688,7260,23.25068870523416,32.30174090921184,16.271119296892465,35.49630999071101
0301,Sacatepéquez,Antigua Guatemala,Sacatepéquez,Antigua Guatemala,6900.000000082703,2550.965075795215,676.766354068451,1405,20907,6.720237241115416,36.970508344415066,26.529816518851476,55.077194640229166
0302,Sacatepéquez,Jocotenango,Sacatepéquez,Jocotenango,999.9999997954756,486.292787592055,41.39334800081,184,10135,1.8154908732116428,48.62927876915137,8.512021781317138,37.83728747265636
0303,Sacatepéquez,Pastores,Sacatepéquez,Pastores,3900.0000003266646,2022.083299583454,782.678413522407,864,6953,12.426290809722422,51.84828972856626,38.70653665373912,42.7282100681996
0304,Sacatepéquez,Sumpango,Sacatepéquez,Sumpango,5099.999999643133,3414.496215277479,495.848382491748,6318,14512,43.53638368246968,66.95090618659617,14.521860656139367,185.03461716347422
0305,Sacatepéquez,Santo Domingo Xenacoj,Sacatepéquez,Santo Domingo Xenacoj,2499.999999802184,1196.4088840983886,715.4799525055786,828,5615,14.746215494211933,47.856355367722244,59.80229351479305,69.20710895790273
0306,Sacatepéquez,Santiago Sacatepéquez,Sacatepéquez,Santiago Sacatepéquez,4000.0000000848236,2143.6436321764777,379.15144202760087,3829,13232,28.937424425634823,53.5910908032755,17.6872422419692,178.62110765642288
0307,Sacatepéquez,San Bartolomé Milpas Altas,Sacatepéquez,San Bartolomé Milpas Altas,799.9999999206066,313.988949979136,115.184150020723,288,3463,8.31648859370488,39.248618751287104,36.684141282161924,91.72297305976439
0308,Sacatepéquez,San Lucas Sacatepéquez,Sacatepéquez,San Lucas Sacatepéquez,2299.9999995681114,381.6428056128928,60.368518572432,396,10569,3.746806698836219,16.593165464545947,15.818068016632516,103.76194550924404
0309,Sacatepéquez,Santa Lucía Milpas Altas,Sacatepéquez,Santa Lucía Milpas Altas,900.0000002267109,310.431352603478,3.75023044955,854,7000,12.2,34.49237250280889,1.208070775744184,275.10107881752407
0310,Sacatepéquez,Magdalena Milpas Altas,Sacatepéquez,Magdalena Milpas Altas,1400.0000000613384,514.5319092055884,85.667037415859,1132,4639,24.401810735072214,36.75227922736037,16.649509171962656,220.00579162286584
0311,Sacatepéquez,Santa María De Jesús,Sacatepéquez,Santa María de Jesús,6099.999999638336,3355.459592761767,2237.454971169662,4049,8374,48.35204203486983,55.0075343108313,66.68102861367159,120.6690138285171
0312,Sacatepéquez,Ciudad Vieja,Sacatepéquez,Ciudad Vieja,3599.999999855431,2578.203168197389,716.044077515043,1932,14312,13.49916154276132,71.61675467502569,27.77298881436415,74.93590977745959
0313,Sacatepéquez,San Miguel Dueñas,Sacatepéquez,San Miguel Dueñas,4500.000000419547,2355.819610118512,295.25147027875903,1443,5305,27.200754005655043,52.351546886641614,12.53285561469225,61.252567633028924
0314,Sacatepéquez,Alotenango,Sacatepéquez,Alotenango,9000.000000680115,3780.9302302556644,369.95052488253697,2960,8880,33.333333333333336,42.010335888554955,9.784642993994659,78.28761230010443
0315,Sacatepéquez,San Antonio Aguas Calientes,Sacatepéquez,San Antonio Aguas Calientes,500.0000000995087,186.031676529294,180.062941053978,671,5435,12.34590616375345,37.20633529845409,96.79154884443773,360.6912610360414
0316,Sacatepéquez,Santa Catarina Barahona,Sacatepéquez,Santa Catarina Barahona,1099.9999997847576,575.52876133831,400.3580417562,383,2104,18.20342205323194,52.32079649553877,69.56351596143077,66.54749957402444
0401,Chimaltenango,Chimaltenango,Chimaltenango,Chimaltenango,4905.498489017539,1485.657806104169,774.4807506335337,5025,39003,12.883624336589493,30.28556240370411,52.130493808964644,338.2340118534446
0402,Chimaltenango,San José Poaquil,Chimaltenango,San José Poaquil,9651.506702824707,3887.9068147419453,1186.526485222098,4136,9483,43.61488980280502,40.2829002191344,30.518387959379425,106.38115050281938
0403,Chimaltenango,San Martín Jilotepeque,Chimaltenango,San Martín Jilotepeque,40972.21807201705,17795.676384169048,8467.007549598886,7368,16665,44.212421242124215,43.433519642235396,47.57901507543201,41.4033152825511
0404,Chimaltenango,Comalapa,Chimaltenango,Comalapa,8568.504827733226,3829.399667833904,1126.955976106297,7405,21302,34.76199417895033,44.69157390726429,29.42905086592224,193.37234664222527
0405,Chimaltenango,Santa Apolonia,Chimaltenango,Santa Apolonia,4611.497979942524,1900.659775922316,222.756155467101,2929,5644,51.89581856839121,41.21566970622429,11.719938428170613,154.10438191541516
0406,Chimaltenango,Tecpán Guatemala,Chimaltenango,Tecpán Guatemala,24771.334236904546,9988.47973513761,4001.391589705595,12849,29167,44.05321082044777,40.322736109453025,40.0600661543062,128.6381946073296
0407,Chimaltenango,Patzún,Chimaltenango,Patzún,18410.921056063897,7336.472331685787,447.36688477273,10772,21864,49.26820343944384,39.84848074327827,6.097847365150947,146.82806004019633
0408,Chimaltenango,Pochuta,Chimaltenango,Pochuta,12940.647391006883,5417.618006597054,55.921264939880004,870,2593,33.55187042036251,41.86512345867668,1.0322112941847223,16.058718036978572
0409,Chimaltenango,Patzicía,Chimaltenango,Patzicía,6469.471182964284,4311.8857047094925,82.99281134071,7235,12740,56.789638932496075,66.64973972005244,1.9247451584828486,167.79201712368786
0410,Chimaltenango,Santa Cruz Balanyá,Chimaltenango,Santa Cruz Balanyá,1979.8293779454093,1415.76650684822,5.19622811937,2247,3989,56.32990724492354,71.50952110415939,0.3670257838587978,158.71261179940416
0411,Chimaltenango,Acatenango,Chimaltenango,Acatenango,13090.67200779785,7932.129546944315,1198.052222232898,3755,6678,56.22941000299491,60.59375364549127,15.10379041520347,47.33911590546998
0412,Chimaltenango,Yepocapa,Chimaltenango,Yepocapa,20531.027120241735,11469.146609590854,403.272501974034,4557,10704,42.57286995515695,55.862507717810736,3.5161509020802395,39.73268591918858
0413,Chimaltenango,San Andrés Itzapa,Chimaltenango,San Andrés Itzapa,6760.758188938088,2930.3445950995692,1360.976390299885,4359,11807,36.91877699669688,43.34343150882369,46.44424388093649,148.75383623105552
0414,Chimaltenango,Parramos,Chimaltenango,Parramos,2941.665496680408,1976.9081354711855,293.2107304119926,2163,5528,39.12807525325615,67.20370272221889,14.831783285777586,109.41327830007945
0415,Chimaltenango,Zaragoza,Chimaltenango,Zaragoza,5188.259556920008,2395.4011988407296,915.404016574752,3299,8934,36.9263487799418,46.169648464209665,38.21506046743935,137.72223215036266
0416,Chimaltenango,El Tejar,Chimaltenango,El Tejar,4552.188313120016,1959.7054972390595,1074.399804442268,609,7857,7.751050019091256,43.049745802275496,54.824554299405776,31.076097957473333
0501,Escuintla,Escuintla,Escuintla,Escuintla,54585.45543210968,32490.432528331796,276.3258101003136,4065,59012,6.888429471971802,59.5221424299401,0.8504836304021386,12.51137545323628
0502,Escuintla,Santa Lucía Cotzumalguapa,Escuintla,Santa Lucía Cotzumalguapa,45432.3977903044,38526.674208998025,672.378707212734,6846,33357,20.52342836586024,84.80000194315056,1.7452290420014969,17.769506817178357
0503,Escuintla,La Democracia,Escuintla,La Democracia,28960.14316970232,27035.431274239836,447.24274663334,1435,6587,21.785334750265676,93.35392824481582,1.6542837511879687,5.307849486267714
0504,Escuintla,Siquinalá,Escuintla,Siquinalá,18424.830531960026,12979.83357757609,116.66418868635999,1298,7242,17.923225628279482,70.44750590818758,0.8988111287336426,10.000128216146159
0505,Escuintla,Masagua,Escuintla,Masagua,47299.296438958874,41259.50014527578,1528.9701638060499,3606,11182,32.248256125916654,87.2306847069541,3.705740880094296,8.739805347382251
0506,Escuintla,Tiquisate,Escuintla,Tiquisate,47128.59714113344,43518.1817447844,301.5683158675,8337,20469,40.72988421515463,92.33922583025942,0.6929708544260184,19.157509955018234
0507,Escuintla,La Gomera,Escuintla,La Gomera,51829.92695629073,49310.74131833184,264.07374706525,5820,13935,41.76533907427341,95.13951536130205,0.535529866323623,11.80270230055606
0508,Escuintla,Guanagazapa,Escuintla,Guanagazapa,22722.495180636128,16217.643412256088,623.775399459447,1306,3207,40.72341752416589,71.37263440186179,3.8462764509179186,8.052957922437871
0509,Escuintla,San José,Escuintla,San José,21778.65588566764,17180.32541249157,573.26732690769,2710,22359,12.120398944496623,78.88606855576337,3.33676640659481,15.773857217102522
0510,Escuintla,Iztapa,Escuintla,Iztapa,6512.485875525851,3699.4924857303,279.29330542355,832,5176,16.0741885625966,56.806149854898294,7.549503249454932,22.489571291445905
0511,Escuintla,Palín,Escuintla,Palín,11088.058754232436,4777.7563451026435,122.413418474622,1991,25510,7.804782438259506,43.08920480132666,2.562152810494402,41.672279961301086
0512,Escuintla,San Vicente Pacaya,Escuintla,San Vicente Pacaya,14987.858122119134,5044.89874613689,152.015297637115,1899,5711,33.251619681316754,33.659904604325085,3.0132477436444107,37.64198441949209
0513,Escuintla,Nueva Concepción,Escuintla,Nueva Concepción,52378.10026977142,48239.58438003959,797.12315555126,10978,23465,46.78457276795227,92.09876672041071,1.6524254215612415,22.757244161793484
0514,Escuintla,Sipacate,Escuintla,Sipacate,26954.698451455282,21482.573777486177,495.8030544133,1689,5339,31.63513766622963,79.6988095273102,2.307931347280667,7.862186428378887
0601,Santa Rosa,Cuilapa,Santa Rosa,Cuilapa,21363.084726092853,17742.745261937212,1941.75156345037,3531,14637,24.123795859807338,83.05329258122653,10.943918400361246,19.901091673648217
0602,Santa Rosa,Barberena,Santa Rosa,Barberena,22434.346091215506,17843.296538236697,1482.61225418341,3127,21242,14.72083607946521,79.53562125540846,8.309071426382987,17.524788613466686
0603,Santa Rosa,Santa Rosa De Lima,Santa Rosa,Santa Rosa de Lima,13400.716149637281,9898.653592561232,1378.326973519675,2314,6429,35.99315601182143,73.86660147136361,13.924388409303242,23.37691665196724
0604,Santa Rosa,Casillas,Santa Rosa,Casillas,20441.20078624978,14489.029254577883,2105.728641637317,4037,7337,55.02248875562219,70.88149764824112,14.53326240591309,27.862460134963765
0605,Santa Rosa,San Rafael Las Flores,Santa Rosa,San Rafael Las Flores,8510.814140074508,5787.664962217081,957.707686857773,1912,3708,51.56418554476807,68.00365825127058,16.54739334619162,33.035775437622604
0606,Santa Rosa,Oratorio,Santa Rosa,Oratorio,31020.65356701768,14084.8526603415,3808.08294384211,2978,7941,37.501574109054275,45.404757929784694,27.036725450202756,21.143281167470843
0607,Santa Rosa,San Juan Tecuaco,Santa Rosa,San Juan Tecuaco,3362.830907558107,2373.3975371282313,798.8063341956,1633,3115,52.42375601926164,70.57736777052686,33.65665977567928,68.80431846979587
0608,Santa Rosa,Chiquimulilla,Santa Rosa,Chiquimulilla,60009.4704951829,46614.386609695255,4381.548600178776,4922,17523,28.088797580323003,77.6783834702176,9.39956292220622,10.558971935450247
0609,Santa Rosa,Taxisco,Santa Rosa,Taxisco,63963.53829659848,40522.24137192746,1058.49144892894,3023,9528,31.727539882451723,63.35209472625812,2.6121246335160264,7.460100669787332
0610,Santa Rosa,Santa María Ixhuatán,Santa Rosa,Santa María Ixhuatán,16466.87924812374,11596.77862127087,420.5612526115,4326,7917,54.641909814323604,70.42487192946547,3.626535146925236,37.30346280875992
0611,Santa Rosa,Guazacapán,Santa Rosa,Guazacapán,10948.036065405657,8021.558671593852,468.14192733477,1515,6675,22.696629213483146,73.26938478893867,5.83604691433058,18.886603739058305
0612,Santa Rosa,Santa Cruz Naranjo,Santa Rosa,Santa Cruz Naranjo,5843.283218610447,4994.697605243585,491.206763596722,1870,5869,31.86232748338729,85.47758885511186,9.834564620709736,37.43970401805341
0613,Santa Rosa,Pueblo Nuevo Viñas,Santa Rosa,Pueblo Nuevo Viñas,25032.020023010668,18321.797216778028,1421.448711930544,3526,8702,40.519420822799354,73.19344263841164,7.758238425588864,19.24483694629638
0614,Santa Rosa,Nueva Santa Rosa,Santa Rosa,Nueva Santa Rosa,13196.12628521471,11396.195335239398,1183.234758661605,5349,12205,43.82630069643589,86.36015667725155,10.38271742326843,46.936717410062144
0701,Sololá,Sololá,Sololá,Sololá,15196.936660492653,6175.435583091668,3854.278242019401,8912,32078,27.782280690816137,40.63605528570699,62.41305880628741,144.3137067837132
0702,Sololá,San José Chacayá,Sololá,San José Chacayá,1599.677542836016,653.35158876051,347.89507270353,354,1353,26.164079822616408,40.84270556190996,53.247757974160685,54.182159512550115
0703,Sololá,Santa María Visitación,Sololá,Santa María Visitación,2099.576775081717,1027.61099715926,29.31595342488,182,753,24.169986719787516,48.94372091343335,2.852825972660994,17.710982122916448
0704,Sololá,Santa Lucía Utatlán,Sololá,Santa Lucía Utatlán,5098.972168661564,1900.8018496779498,1572.7031455645097,1556,6708,23.19618366129994,37.278137373652186,82.73893177402844,81.86018970171094
0705,Sololá,Nahualá,Sololá,Nahualá,18696.231286052414,8924.313065332264,3694.271986775375,8881,20155,44.063507814438104,47.733219218302544,41.39558932693978,99.51466219287488
0706,Sololá,Santa Catarina Ixtahuacán,Sololá,Santa Catarina Ixtahuacán,18996.170825134843,9872.544796242493,562.243018938792,6401,12370,51.746160064672594,51.97123613554582,5.6950161335584175,64.8363733172042
0707,Sololá,Santa Clara La Laguna,Sololá,Santa Clara La Laguna,1399.7178504884034,441.56835169105403,116.701165447305,826,3248,25.43103448275862,31.546954376339322,26.428788431140934,187.06050758318747
0708,Sololá,Concepción,Sololá,Concepción,1499.697696978553,409.379950923798,94.29438693236,954,1990,47.93969849246231,27.297498139030115,23.033464809299357,233.0353496421171
0709,Sololá,San Andrés Semetabaj,Sololá,San Andrés Semetabaj,5298.93186224672,1993.202783379378,1181.197950142664,1730,4804,36.01165695253955,37.61518047779293,59.26130346557116,86.7949821476202
0710,Sololá,Panajachel,Sololá,Panajachel,799.838771961911,105.536081593752,71.600532846342,122,6835,1.7849305047549378,13.194669387542234,67.84460041065323,115.60027448207126
0711,Sololá,Santa Catarina Palopó,Sololá,Santa Catarina Palopó,499.899231968305,128.08205562668002,109.06088294927,200,1267,15.785319652722968,25.621574796658372,85.14922907479647,156.14989861104257
0712,Sololá,San Antonio Palopó,Sololá,San Antonio Palopó,2599.47600757931,1515.472075875947,450.85093107691,1511,3853,39.21619517259278,58.299136882097564,29.749867269333677,99.7049054253697
0713,Sololá,San Lucas Tolimán,Sololá,San Lucas Tolimán,7398.5086373587055,5153.3660655884905,296.41701337428,3836,10396,36.898807233551366,69.65411974470926,5.75191068520436,74.43678464091307
0714,Sololá,Santa Cruz La Laguna,Sololá,Santa Cruz La Laguna,1099.7783107364091,579.79513652952,412.29426309915004,563,1653,34.05928614640048,52.71927359081036,71.11033486189966,97.10326364066269
0715,Sololá,San Pablo La Laguna,Sololá,San Pablo La Laguna,599.879078648328,359.48964717297997,40.79951810038,847,2529,33.491498616053775,59.92701862231913,11.349288754551534,235.61179206711307
0716,Sololá,San Marcos La Laguna,Sololá,San Marcos La Laguna,899.8186177991017,655.98213551797,168.738744732,104,1126,9.236234458259325,72.9015962264106,25.723070125798802,15.854090282181321
0717,Sololá,San Juan La Laguna,Sololá,San Juan La Laguna,3699.2543182468607,1912.553608036304,412.821801178964,1517,5036,30.123113582208102,51.70105765917428,21.584848625645837,79.31803812587324
0718,Sololá,San Pedro La Laguna,Sololá,San Pedro La Laguna,5098.972169301888,1635.8942495291271,239.8416505106,843,4284,19.677871148459385,32.08282365959847,14.661195280785149,51.531448334306916
0719,Sololá,Santiago Atitlán,Sololá,Santiago Atitlán,11597.662188438044,4633.03183668884,563.67999265169,4891,19898,24.580359835159314,39.94798056204472,12.166546929117239,105.56802051883862
0801,Totonicapán,Totonicapán,Totonicapán,Totonicapán,24447.686458824515,7826.328410062772,6840.4105486175795,4604,40719,11.30676097153663,32.0125522848311,87.40254932085983,58.82707393265488
0802,Totonicapán,San Cristóbal Totonicapán,Totonicapán,San Cristóbal Totonicapán,4425.9924165161065,3140.0212924895914,2730.2885073329617,2131,12751,16.71241471257156,70.94502197455729,86.9512736701295,67.86578183711676
0803,Totonicapán,San Francisco El Alto,Totonicapán,San Francisco El Alto,7262.987554819248,4425.471273830922,4392.893361688512,2554,18310,13.948661933369744,60.931830605911834,99.26385439817332,57.71136771585284
0804,Totonicapán,San Andrés Xecul,Totonicapán,San Andrés Xecul,1648.9971743603405,925.361032558543,783.322222335708,1213,8576,14.144123134328359,56.11659297824437,84.65044396454539,131.08397234387104
0805,Totonicapán,Momostenango,Totonicapán,Momostenango,35916.601128425486,9162.49021101223,8705.192701347996,6357,30781,20.652350475942953,25.51046013026204,95.0090259401902,69.38070168260194
0806,Totonicapán,Santa María Chiquimula,Totonicapán,Santa María Chiquimula,23747.752695549843,4618.991677322303,4439.216853139133,3699,17790,20.792580101180437,19.450226455271572,96.10792058652531,80.08241318469672
0807,Totonicapán,Santa Lucía La Reforma,Totonicapán,Santa Lucía La Reforma,4539.992220676609,1130.402522077403,916.492817335695,2533,5469,46.31559700127994,24.89877663069951,81.07667838987174,224.07947173940892
0808,Totonicapán,San Bartolo Aguas Calientes,Totonicapán,San Bartolo,5630.990350970872,686.796833913603,608.032060908894,892,2821,31.619992910315492,12.19673256579437,88.53157598938242,129.87829237899646
0901,Quetzaltenango,Quetzaltenango,Quetzaltenango,Quetzaltenango,12680.46727961135,3660.999605447438,1328.1492467287949,3871,78325,4.942227896584743,28.871172684100376,36.278322585792026,105.73614906267919
0902,Quetzaltenango,Salcajá,Quetzaltenango,Salcajá,1688.486975110904,1163.613285856468,917.476615456491,300,8121,3.694126339120798,68.91455504298688,78.84721037549771,25.781761315933018
0903,Quetzaltenango,Olintepeque,Quetzaltenango,Olintepeque,3218.494233223021,1818.24779623573,1576.418443403538,999,13431,7.43801652892562,56.49374100058352,86.69986822847552,54.94300623205501
0904,Quetzaltenango,San Carlos Sija,Quetzaltenango,San Carlos Sija,22661.45939692764,8284.925387562564,7889.397336361613,2632,6442,40.856876746352064,36.5595403298951,95.22593104103602,31.768541982902974
0905,Quetzaltenango,Sibilia,Quetzaltenango,Sibilia,4109.492636620721,2292.0397556814587,2195.4298129427084,1177,2193,53.67077063383493,55.774275764762706,95.78497962353072,51.35163982572631
0906,Quetzaltenango,Cabricán,Quetzaltenango,Cabricán,8369.485003812415,1482.0614671042842,1315.4481830005752,191,2980,6.409395973154362,17.70791711113868,88.75800445515628,12.887454686557911
0907,Quetzaltenango,Cajolá,Quetzaltenango,Cajolá,2053.496320657467,819.0150521725983,720.0969909046082,746,2712,27.507374631268437,39.88393083219037,87.92231461368256,91.08501706056421
0908,Quetzaltenango,San Miguel Sigüilá,Quetzaltenango,San Miguel Sigüilá,1713.4869295954074,742.8504977993757,668.0756640980958,833,1940,42.93814432989691,43.353146438927276,89.9340669592612,112.13561846800718
0909,Quetzaltenango,San Juan Ostuncalco,Quetzaltenango,San Juan Ostuncalco,10900.470468677133,4672.378504644693,2931.80289025745,6427,15356,41.85334722584006,42.86400773316096,62.74754682958624,137.55306839142168
0910,Quetzaltenango,San Mateo,Quetzaltenango,San Mateo,1082.9980595429322,481.2989851520593,140.97652508340002,273,3083,8.855011352578657,44.441352494683734,29.29084195738758,56.72149919737514
0911,Quetzaltenango,Concepción Chiquirichapa,Quetzaltenango,Concepción Chiquirichapa,2189.996076238951,1041.616386824333,31.8442290664,3341,5279,63.28850161015344,47.56247730878043,3.057193556976027,320.75148224059717
0912,Quetzaltenango,San Martín Sacatepéquez,Quetzaltenango,San Martín Sacatepéquez,14380.311294132836,4825.272752207301,397.68788569483,4755,9588,49.593241551939926,33.554716956482096,8.241770074301176,98.54365222825683
0913,Quetzaltenango,Almolonga,Quetzaltenango,Almolonga,1254.997751256787,619.194523213569,175.18712386364902,2505,5608,44.66833095577746,49.338297426707875,28.29274441163371,404.55784185545673
0914,Quetzaltenango,Cantel,Quetzaltenango,Cantel,4973.991087648295,1763.069494323493,1476.125523315373,1459,18508,7.883077588070024,35.44577107710647,83.72474982228518,82.75340278403674
0915,Quetzaltenango,Huitán,Quetzaltenango,Huitán,3635.0786881680056,1689.7877722066253,1476.9694455468061,1091,2552,42.75078369905956,46.48558991877666,87.40561802137387,64.56432091322968
0916,Quetzaltenango,Zunil,Quetzaltenango,Zunil,7746.986119098815,1444.282275341132,24.16094928797,2866,5944,48.216689098250335,18.643150421820316,1.672868919080469,198.43766339395572
0917,Quetzaltenango,Colomba,Quetzaltenango,Colomba,20570.445283283305,17841.766405961327,440.06332010897006,4866,14639,33.2399754081563,86.73495473848855,2.4664784309805516,27.27308434199745
0918,Quetzaltenango,San Francisco La Unión,Quetzaltenango,San Francisco La Unión,1688.9969737341012,935.862991980598,820.244186346708,592,1868,31.69164882226981,55.40939424607465,87.64575513460554,63.25712257807424
0919,Quetzaltenango,El Palmar,Quetzaltenango,El Palmar,17589.968482768603,12073.395297520809,7.5989596176,2773,8512,32.577537593984964,68.63795867143303,0.06293970693695745,22.967855616964826
0920,Quetzaltenango,Coatepeque,Quetzaltenango,Coatepeque,41900.90702457099,35917.18599194244,7952.097697530306,7776,35475,21.91966173361522,85.71935201994637,22.140091095427845,21.649802971046913
0921,Quetzaltenango,Génova,Quetzaltenango,Génova,16839.96982689407,15472.595131620086,2676.6940325711007,4427,8788,50.3755120619026,91.88018322283314,17.299580385845932,28.611877725365538
0922,Quetzaltenango,Flores Costa Cuca,Quetzaltenango,Flores Costa Cuca,7247.987013911147,6646.87022455918,309.3389468067,2516,6491,38.761361885687876,91.70643120361231,4.653903812710821,37.85240143103382
0923,Quetzaltenango,La Esperanza,Quetzaltenango,La Esperanza,1222.0335302293938,373.319669055607,223.018727835477,439,8640,5.081018518518518,30.54905285500058,59.73934574614062,117.59358972714875
0924,Quetzaltenango,Palestina De los Altos,Quetzaltenango,Palestina de Los Altos,3602.9935442015417,2154.30495961631,1565.724511199407,1988,3344,59.44976076555024,59.792084920144504,72.67887047329958,92.28034272149057
1001,Suchitepéquez,Mazatenango,Suchitepéquez,Mazatenango,6526.8619882968915,4600.7613103708245,293.730888741044,3588,29172,12.29946524064171,70.4896368058694,6.384397470890945,77.98709296029106
1002,Suchitepéquez,Cuyotenango,Suchitepéquez,Cuyotenango,8922.897642314154,7461.296325643661,784.35860087577,2058,11414,18.030488873313473,83.6196561334595,10.512363624803575,27.582338379014363
1003,Suchitepéquez,San Francisco Zapotitlán,Suchitepéquez,San Francisco Zapotitlán,4891.134191624141,3703.360840188818,101.50754602075,1255,8342,15.044353871973147,75.7157889172345,2.7409574816256512,33.88813713156866
1004,Suchitepéquez,San Bernardino,Suchitepéquez,San Bernardino,1431.7945630918339,1289.02331635989,44.4000674255,907,4846,18.716467189434585,90.02851034553156,3.444473568630444,70.36335095638947
1005,Suchitepéquez,San José El Ídolo,Suchitepéquez,San José El Ídolo,13775.516840384624,12027.447091317068,589.233886782116,945,2595,36.41618497109827,87.31031460146109,4.899076938841822,7.857028950742344
1006,Suchitepéquez,Santo Domingo Suchitepéquez,Suchitepéquez,Santo Domingo Suchitepéquez,23615.318460129147,20120.84718412576,1412.68309976563,6094,11135,54.72833408172429,85.20252317620333,7.020992142319729,30.28699509634878
1007,Suchitepéquez,San Lorenzo,Suchitepéquez,San Lorenzo,28499.205069580064,22513.949605108763,2042.52409592067,1816,3963,45.82387080494575,78.9985178538894,9.07226022864149,8.066110264313293
1008,Suchitepéquez,Samayac,Suchitepéquez,Samayac,2583.0992116876378,2243.0985806707267,231.896112477834,1253,9486,13.208939489774405,86.83749236271976,10.338204235700283,55.86022882798716
1009,Suchitepéquez,San Pablo Jocopilas,Suchitepéquez,San Pablo Jocopilas,2611.9780035351523,2406.13632272957,1.70617413772,1919,6994,27.437803831855877,92.1193179832683,0.07090928812314679,79.75441714886077
1010,Suchitepéquez,San Antonio Suchitepéquez,Suchitepéquez,San Antonio Suchitepéquez,7502.863841906046,6323.462906977731,115.73927349996,4206,17571,23.93716919924876,84.28065656288523,1.8303147373924746,66.51418790420702
1011,Suchitepéquez,San Miguel Panán,Suchitepéquez,San Miguel Panán,2880.2868638747764,2381.6086992067303,184.23019503168,1059,2602,40.69946195234435,82.68651046801682,7.735535862505191,44.465742854933865
1012,Suchitepéquez,San Gabriel,Suchitepéquez,San Gabriel,660.2747619557,325.430299510949,71.6924810893,203,2966,6.844234659474039,49.28710262179962,22.030057187987172,62.37894882715742
1013,Suchitepéquez,Chicacao,Suchitepéquez,Chicacao,21104.36686954444,16901.98331421721,124.72310425923,6510,17303,37.623533491302084,80.08761133985186,0.7379199348417199,38.51618995815759
1014,Suchitepéquez,Patulul,Suchitepéquez,Patulul,33883.260269728285,26304.641433500452,1417.61890456446,4100,13419,30.553692525523513,77.63314753096925,5.389234854800347,15.586602882860124
1015,Suchitepéquez,Santa Bárbara,Suchitepéquez,Santa Bárbara,17706.02002962752,13363.935010020397,239.41107020105002,4183,7423,56.35187929408595,75.47678692138886,1.7914713744233077,31.300661046791603
1016,Suchitepéquez,San Juan Bautista,Suchitepéquez,San Juan Bautista,3461.080108213225,2489.442853396671,58.218379253580004,752,2170,34.654377880184335,71.92676203850829,2.3386107929388733,30.207562265345775
1017,Suchitepéquez,Santo Tomás La Unión,Suchitepéquez,Santo Tomás La Unión,1248.3673973865752,1005.2638885823001,15.00466767394,550,4017,13.691809808314662,80.52628502528935,1.492609835522962,54.7120021167429
1018,Suchitepéquez,Zunilito,Suchitepéquez,Zunilito,1309.406797365237,1234.2350529776,0.0,587,2935,20.0,94.25909927007434,0.0,47.55982246524751
1019,Suchitepéquez,Pueblo Nuevo,Suchitepéquez,Pueblo Nuevo,1852.00962012679,1405.55938887814,0.0,1365,3832,35.62108559498956,75.893741242117,0.0,97.11435964932703
1020,Suchitepéquez,Río Bravo,Suchitepéquez,Río Bravo,15826.50011965888,13078.959260489339,253.74458574500002,3127,7643,40.91325395786995,82.63961811900101,1.9400976843130437,23.908630172482134
1021,Suchitepéquez,San José La Máquina,Suchitepéquez,San José La Máquina,14712.757349943531,12650.245125204225,616.748408863023,3112,6485,47.98766383962992,85.98147053144173,4.875387020242157,24.60031382158502
1101,Retalhuleu,Retalhuleu,Retalhuleu,Retalhuleu,80785.99999920507,60948.659679264,5764.566022499395,5376,30151,17.830254386255845,75.44458158574967,9.458068565961625,8.820538512726355
1102,Retalhuleu,San Sebastián,Retalhuleu,San Sebastián,1773.0000001551186,1182.3852510559689,36.97798356716,1641,10730,15.293569431500465,66.68839542879428,3.1274056855949084,138.7872521696672
1103,Retalhuleu,Santa Cruz Muluá,Retalhuleu,Santa Cruz Muluá,12827.000000061189,8295.514086016694,767.670924952077,888,4211,21.087627641890286,64.67228569406035,9.254048838830846,10.70458070219969
1104,Retalhuleu,San Martín Zapotitlán,Retalhuleu,San Martín Zapotitlán,940.000000384284,542.473070914802,51.96881832996,318,3918,8.116385911179172,57.7099011375566,9.579981222353055,58.62042137202115
1105,Retalhuleu,San Felipe,Retalhuleu,San Felipe,3663.0000003004907,3031.117448900048,97.39916920942,1101,8804,12.505679236710586,82.74958909777213,3.2133089809754765,36.32323783426928
1106,Retalhuleu,San Andrés Villa Seca,Retalhuleu,San Andrés Villa Seca,43600.99999953898,36022.10641398254,3768.052863781079,5077,11972,42.40728366187771,82.61761522525498,10.460390129541262,14.094123041148098
1107,Retalhuleu,Champerico,Retalhuleu,Champerico,32815.00000015765,26812.6320503302,6453.39113327014,3241,8477,38.232865400495456,81.70846274630928,24.068473103112105,12.087586156839409
1108,Retalhuleu,Nuevo San Carlos,Retalhuleu,Nuevo San Carlos,8658.000000119433,7513.9751074804135,80.45758551883,3619,12034,30.073126142595978,86.78649927670087,1.070772585322139,48.163587824468095
1109,Retalhuleu,El Asintal,Retalhuleu,El Asintal,9370.000000021713,8464.031028906044,111.81191994868,3243,10123,32.03595772004346,90.33117426773138,1.3210244571035255,38.315076928766295
1201,San Marcos,San Marcos,San Marcos,San Marcos,12047.61300846202,3755.2896268617906,1587.75467694616,3128,15742,19.870410367170628,31.1704038320632,42.28048525442258,83.29583895807254
1202,San Marcos,San Pedro Sacatepéquez,San Marcos,San Pedro Sacatepéquez,7732.759204158615,2848.917691668313,669.9273761653664,5607,28182,19.895678092399404,36.842188104553784,23.51515377662806,196.81158274237703
1203,San Marcos,San Antonio Sacatepéquez,San Marcos,San Antonio Sacatepéquez,4728.254468276581,2345.109555778036,445.122461403461,2476,5174,47.85465790490916,49.59778648784979,18.980881311354466,105.5814212986113
1204,San Marcos,Comitancillo,San Marcos,Comitancillo,13471.320668707122,7188.223140980978,5165.259477406819,6057,11769,51.465715014019885,53.3594538928814,71.85725006168792,84.26282658739778
1205,San Marcos,San Miguel Ixtahuacán,San Marcos,San Miguel Ixtahuacán,19606.207494851133,7036.927939198598,4810.214825066753,2720,5358,50.7652108995894,35.89132646406295,68.35674411658911,38.65323083455886
1206,San Marcos,Concepción Tutuapa,San Marcos,Concepción Tutuapa,22401.447338566093,8001.050036481864,6686.777680408165,2242,5976,37.51673360107095,35.71666560449128,83.57375156909285,28.021322073694073
1207,San Marcos,Tacaná,San Marcos,Tacaná,36178.53966047759,11199.620085945,9775.38842781834,3843,9095,42.253985706432104,30.956528900970998,87.28321454480403,34.3136639502869
1208,San Marcos,Sibinal,San Marcos,Sibinal,10433.434295064653,1950.1127210649672,1344.45810090856,1195,3530,33.85269121813031,18.690995370406778,68.94258400480277,61.278509036513746
1209,San Marcos,Tajumulco,San Marcos,Tajumulco,25124.899229118186,9607.963223148774,1494.920296912961,6306,8916,70.72678331090175,38.2408030198734,15.559180048807864,65.63305722077237
1210,San Marcos,Tejutla,San Marcos,Tejutla,14292.172740766695,7851.071638135151,2953.4848544315105,5031,9547,52.69718236095108,54.932666855760274,37.61887536582261,64.08042407310148
1211,San Marcos,San Rafael Pie De La Cuesta,San Marcos,San Rafael Pie de La Cuesta,4517.64003636698,3939.4927089922,0.0,1804,5419,33.29027495847942,87.20244812068475,0.0,45.7926980263786
1212,San Marcos,Nuevo Progreso,San Marcos,Nuevo Progreso,14032.634504282029,11041.145652120234,963.7801613762401,4536,8242,55.03518563455472,78.68191570692625,8.728986934351012,41.082693254109465
1213,San Marcos,El Tumbador,San Marcos,El Tumbador,16561.175236478215,13163.871558116569,264.070022249141,7195,13161,54.669098092850085,79.48633699087594,2.006020957309637,54.65717261244252
1214,San Marcos,El Rodeo,San Marcos,El Rodeo,5167.746169497381,4765.6421263224,0.0,2369,5219,45.39183751676566,92.21896683803087,0.0,49.70998529065241
1215,San Marcos,Malacatán,San Marcos,Malacatán,21237.566653193127,17085.056080299277,2542.60496862236,8468,24975,33.905905905905904,80.44733353540995,14.882040519341517,49.56378229138167
1216,San Marcos,Catarina,San Marcos,Catarina,8136.074636268821,5458.1946354502525,637.169733686731,2690,8419,31.951538187433187,67.08633929092572,11.673635262993331,49.28369506152833
1217,San Marcos,Ayutla,San Marcos,Ayutla,11859.15182566939,10065.615837010973,969.26610337003,2857,12356,23.122369698931692,84.87635528220264,9.62947641818464,28.383757598764053
1218,San Marcos,Ocós,San Marcos,Ocós,5421.246299424329,4361.85193574861,0.0,1966,3488,56.36467889908257,80.45847199769888,0.0,45.072598266969415
1219,San Marcos,San Pablo,San Marcos,San Pablo,13915.507530743027,9054.27304466221,434.126050139532,5398,13403,40.27456539580691,65.06606406312477,4.794709061656403,59.61825950435963
1220,San Marcos,El Quetzal,San Marcos,El Quetzal,8741.939833174933,7744.801938007059,196.605861930915,3059,6127,49.92655459441815,88.59363122834799,2.5385524833899997,39.497459386122934
1221,San Marcos,La Reforma,San Marcos,La Reforma,7408.342629996137,4890.532086033921,194.97569341319002,2464,4346,56.695812241141276,66.01384857973923,3.986799186329634,50.38306582297127
1222,San Marcos,Pajapita,San Marcos,Pajapita,13105.052716005353,10663.878881283568,149.72737069991,1865,6644,28.070439494280553,81.37227001200574,1.404061058520649,17.48894582133061
1223,San Marcos,Ixchiguán,San Marcos,Ixchiguán,10437.411259102897,5192.810072739863,1865.9690302060142,3687,4758,77.49054224464061,49.7518967474909,35.933704565887965,71.00201910628789
1224,San Marcos,San José Ojetenam,San Marcos,San José Ojetenam,7857.235946463552,3699.542252273736,1947.376674679822,1902,3960,48.03030303030303,47.08452536593171,52.638314199086814,51.411765842950764
1225,San Marcos,San Cristóbal Cucho,San Marcos,San Cristóbal Cucho,2968.777114064692,1506.666491183405,494.07923800768003,2311,4019,57.50186613585469,50.75040777044247,32.792873598695856,153.384973617143
1226,San Marcos,Sipacapa,San Marcos,Sipacapa,15133.490510734699,3815.4720363087445,2461.145000545166,1849,3908,47.31320368474923,25.2121084266865,64.50433857526541,48.4605831835372
1227,San Marcos,Esquipulas Palo Gordo,San Marcos,Esquipulas Palo Gordo,5049.111843485,1005.5610528864454,707.480500054828,1084,3631,29.854034701184247,19.915602665525167,70.35679216334181,107.80051563138777
1228,San Marcos,Río Blanco,San Marcos,Río Blanco,3117.7182082398963,1248.497673059503,989.562698347573,322,840,38.333333333333336,40.04523788454701,79.26027574585721,25.79099720794222
1229,San Marcos,San Lorenzo,San Marcos,San Lorenzo,4480.138213041368,2840.622815677196,426.9205350451251,915,2702,33.86380458919319,63.40480316898132,15.029117300930661,32.21124589122427
1230,San Marcos,La Blanca,San Marcos,La Blanca,9883.390725120322,7413.223144264988,316.8964162561,3902,9104,42.86028119507909,75.00688124595762,4.274745412206526,52.635674443695414
1301,Huehuetenango,Huehuetenango,Huehuetenango,Huehuetenango,18944.06577649135,4603.535255043071,2626.1468314665863,2730,46019,5.932332297529282,24.300671827036364,57.04630650085064,59.30225030881094
1302,Huehuetenango,Chiantla,Huehuetenango,Chiantla,54302.98960353582,21892.674739701255,5401.151720050057,13519,24662,54.8171275646744,40.315781689993294,24.671045380559836,61.75124858308875
1303,Huehuetenango,Malacatancito,Huehuetenango,Malacatancito,41187.09815338271,8821.910075412643,3571.6171807504884,1880,5282,35.592578568723965,21.41911052475567,40.48575818863611,21.31057768588809
1304,Huehuetenango,Cuilco,Huehuetenango,Cuilco,44286.12738276156,16347.690410606272,5649.271893547105,9316,13495,69.03297517599111,36.91379530504994,34.55700317080812,56.986643164931984
1305,Huehuetenango,Nentón,Huehuetenango,Nentón,76286.10339954427,22238.221054068657,18114.270544683415,8231,11937,68.9536734522912,29.15107740868242,81.45557371986492,37.01285269171328
1306,Huehuetenango,San Pedro Necta,Huehuetenango,San Pedro Necta,7581.6250583650135,5337.776847786093,347.72241225294,6197,9923,62.45087171218382,70.40412585289718,6.514367725903754,116.09702272529958
1307,Huehuetenango,Jacaltenango,Huehuetenango,Jacaltenango,16334.883102979795,5081.616904031903,2640.336051601725,5522,12649,43.65562495058898,31.10898848798568,51.958581322940844,108.66620023281732
1308,Huehuetenango,Soloma,Huehuetenango,Soloma,12716.016711851595,2955.353997791176,1904.248084451534,3434,9972,34.436421981548335,23.24119309340577,64.43384061181044,116.19589404743266
1309,Huehuetenango,San Ildefonso Ixtahuacán,Huehuetenango,San Ildefonso Ixtahuacán,23992.484361044837,11198.143258517697,4877.079158217083,9104,13444,67.71794108896162,46.67354614055497,43.55256979327718,81.2991921055768
1310,Huehuetenango,Santa Bárbara,Huehuetenango,Santa Bárbara,14945.318383749873,8339.281921488559,1439.076701008687,6457,7988,80.8337506259389,55.79862340407486,17.256602121826486,77.4287290055716
1311,Huehuetenango,La Libertad,Huehuetenango,La Libertad,9572.001573528309,6840.27952649526,870.6747107520711,7265,9608,75.61407160699417,71.46132889710636,12.728642263515464,106.20910990347134
1312,Huehuetenango,La Democracia,Huehuetenango,La Democracia,24122.443650986337,19496.073696645428,2546.934975712247,8109,15707,51.62666327115299,80.82130475138764,13.063835392407665,41.592990087000274
1313,Huehuetenango,San Miguel Acatán,Huehuetenango,San Miguel Acatán,12905.95721250454,3822.7093393690698,2286.46987741787,3087,4459,69.23076923076923,29.619727358659297,59.81281008917218,80.75424328519581
1314,Huehuetenango,San Rafael La Independencia,Huehuetenango,San Rafael La Independencia,5121.39572400541,2303.678220169778,2135.830535471968,1610,2744,58.673469387755105,44.9814531880791,92.71392665745479,69.88823290960077
1315,Huehuetenango,Todos Santos Cuchumatán,Huehuetenango,Todos Santos Cuchumatán,28930.937392459677,11225.379202534701,2210.735764658236,3862,6567,58.80919750266484,38.80060659721448,19.69408538251474,34.40418297074505
1316,Huehuetenango,San Juan Atitán,Huehuetenango,San Juan Atitán,7607.616916492354,1870.0647311509936,262.867537150212,2646,4927,53.70407956159935,24.58147869008663,14.056600970621025,141.49242835949488
1317,Huehuetenango,Santa Eulalia,Huehuetenango,Santa Eulalia,36018.71714688803,12223.09128717365,4507.339719459649,5002,9487,52.72478127964583,33.935387641171744,36.875612016327196,40.92254473505298
1318,Huehuetenango,San Mateo Ixtatán,Huehuetenango,San Mateo Ixtatán,54742.85181677593,9527.467004939315,3721.37584034004,8077,9484,85.1644875579924,17.404038497716016,39.05944610892665,84.77594302675253
1319,Huehuetenango,Colotenango,Huehuetenango,Colotenango,6330.017123827559,3930.230984073029,327.546935228809,4104,6264,65.51724137931035,62.08878913263578,8.334037784450043,104.42134359611832
1320,Huehuetenango,San Sebastián Huehuetenango,Huehuetenango,San Sebastián Huehuetenango,12816.130145116571,4105.432540027064,1486.06279227083,5044,8562,58.91146928287783,32.03332436188929,36.19747195410093,122.86159742784982
1321,Huehuetenango,Tectitán,Huehuetenango,Tectitán,20423.60231217352,5990.585691258138,4419.739181662428,1110,1735,63.976945244956774,29.33168008117471,73.77808130033105,18.5290730690955
1322,Huehuetenango,Concepción Huista,Huehuetenango,Concepción Huista,11727.05110459704,6114.281391161444,2428.394807043872,3373,5001,67.44651069786043,52.13826849244843,39.71676558024072,55.1659268557033
1323,Huehuetenango,San Juan Ixcoy,Huehuetenango,San Juan Ixcoy,18564.18477407986,3673.2521829126317,1369.887622197726,1538,3129,49.153084052412915,19.78676805695982,37.29359036578591,41.870253481493165
1324,Huehuetenango,San Antonio Huista,Huehuetenango,San Antonio Huista,10685.321126326546,7932.473012809266,524.5257346933,2567,5295,48.479697828139756,74.23710451963115,6.612385996728913,32.3606521680545
1325,Huehuetenango,San Sebastián Coatán,Huehuetenango,San Sebastián Coatán,17064.654501890334,6361.5446459154355,2703.7088081208863,1005,2322,43.281653746770026,37.27907087254967,42.5008226556558,15.79804993815899
1326,Huehuetenango,Barillas,Huehuetenango,Barillas,88902.15142644293,42180.11591264392,4624.04444304617,17458,25764,67.76121720229779,47.44555135714964,10.96261672827709,41.389170281456686
1327,Huehuetenango,Aguacatán,Huehuetenango,Aguacatán,24762.243234051024,8508.157220754527,5619.560897138094,8030,15085,53.23168710639708,34.35939603829915,66.04909560709477,94.38001428102285
1328,Huehuetenango,San Rafael Pétzal,Huehuetenango,San Rafael Petzal,3621.8654521490894,1601.2557826915586,445.483491216733,932,2330,40.0,44.21080252281125,27.820882586785583,58.204317515930946
1329,Huehuetenango,San Gaspar Ixchil,Huehuetenango,San Gaspar Ixchil,2780.1291256876452,1796.7503079763974,700.6923445637883,2247,2628,85.50228310502283,64.62830418108669,38.99775842270193,125.05911311242237
1330,Huehuetenango,Santiago Chimaltenango,Huehuetenango,Santiago Chimaltenango,4762.508145295882,3714.198002555073,332.583324347668,1916,3117,61.469361565607954,77.98827611924892,8.954377879662774,51.58583356842969
1331,Huehuetenango,Santa Ana Huista,Huehuetenango,Santa Ana Huista,17794.425901623905,10949.293251497944,8129.825036669633,1646,3171,51.90791548407442,61.53215232697516,74.24976982470913,15.032933744603243
1332,Huehuetenango,Unión Cantinil,Huehuetenango,Unión Cantinil,4422.614616794965,4003.1161161892232,48.8824217124,3148,4284,73.48272642390289,90.51469465567523,1.2211092632240144,78.63873813874645
1333,Huehuetenango,Petatán,Huehuetenango,Petatán,1699.46764250466,1597.64648031743,188.0177831984,1227,1916,64.03966597077245,94.00864366931005,11.768422208212389,76.80046963557372
1401,Quiché,Santa Cruz Del Quiché,Quiché,Santa Cruz del Quiché,11214.999999882606,4348.991561401697,4287.31268493011,4816,25132,19.162820308769696,38.77834651312725,98.58176601171172,110.73831558430948
1402,Quiché,Chiché,Quiché,Chiché,11574.999999843936,4502.722919185152,4154.779711441904,2803,8677,32.303791633052896,38.90041398916511,92.27260451091192,62.251221101280926
1403,Quiché,Chinique,Quiché,Chinique,6115.000000063773,2060.245040676494,1842.1056958617942,1102,3425,32.175182481751825,33.69166051766162,89.41197088172227,53.48878304486303
1404,Quiché,Zacualpa,Quiché,Zacualpa,24738.999999639553,7137.134646668299,2697.9297486995906,4701,8981,52.343836989199424,28.849729765844565,37.801300973900176,65.86676912694206
1405,Quiché,Chajul,Quiché,Chajul,52527.000000249536,18078.072412203914,6136.118984624453,8516,11711,72.71795747587738,34.41672361284298,33.94232993824143,47.1067921724394
1406,Quiché,Chichicastenango,Quiché,Chichicastenango,24558.999999986307,9934.070968954058,6618.295777133552,16786,48257,34.78459083656257,40.44981867730607,66.62219142400974,168.97402940304713
1407,Quiché,Patzité,Quiché,Patzité,5314.0000003108,2459.795957833843,2457.435198629833,415,1675,24.776119402985074,46.28897172920544,99.9040262182523,16.871318073286826
1408,Quiché,San Antonio Ilotenango,Quiché,San Antonio Ilotenango,13864.000000120519,5190.281908651931,5133.520202135511,1866,8046,23.19164802386279,37.43711705573293,98.90638490325927,35.951804407569355
1409,Quiché,San Pedro Jocopilas,Quiché,San Pedro Jocopilas,29467.000000162643,8116.331088525049,7844.517828046155,2304,8135,28.322065150583896,27.543798447348735,96.65103286800134,28.3872106111765
1410,Quiché,Cunén,Quiché,Cunén,22580.000000309232,7583.473209870933,2426.2555749220573,4948,9782,50.58270292373748,33.58491235503577,31.993988872591416,65.24714814788952
1411,Quiché,San Juan Cotzal,Quiché,San Juan Cotzal,16283.000000373044,6295.144932206499,3088.2818996461388,4549,7808,58.26075819672131,38.66084217934212,49.05815406800604,72.2620376335885
1412,Quiché,Joyabaj,Quiché,Joyabaj,47218.99999992269,20267.235642708238,12856.046987563155,8822,16785,52.55883229073578,42.921780729666914,63.43266153412744,43.5283832266192
1413,Quiché,Nebaj,Quiché,Nebaj,85062.00000018154,25433.59983671,13909.010966655886,8759,21540,40.66388115134633,29.90007269598143,54.687543469879124,34.438695490355066
1414,Quiché,San Andrés Sajcabajá,Quiché,San Andrés Sajcabajá,16921.99999959106,5401.951423918092,1559.1744496318818,2329,4311,54.02458826258409,31.92265349278239,28.863170496653527,43.114049298702355
1415,Quiché,Uspantán,Quiché,Uspantán,83623.00000012195,36061.87694421138,11478.282472441286,8768,15670,55.95405232929164,43.12435208514259,31.82940946251487,24.313764958946297
1416,Quiché,Sacapulas,Quiché,Sacapulas,36783.99999978372,9346.558898163607,5334.09576676972,9543,17285,55.20971940989297,25.409305399680733,57.0701562456077,102.10174786225323
1417,Quiché,San Bartolomé Jocotenango,Quiché,San Bartolomé Jocotenango,10335.000000098498,2125.994825089373,1466.3321053687728,918,3064,29.96083550913838,20.570825593315057,68.97157453368358,43.179785254717586
1418,Quiché,Canillá,Quiché,Canillá,10204.999999882622,3673.829634107521,1740.948948369542,1270,2673,47.512158623269734,36.000290388532854,47.38785196261471,34.568832158394834
1419,Quiché,Chicamán,Quiché,Chicamán,56574.99999950385,18906.641203370793,10432.353205357249,2374,6625,35.83396226415094,33.418720642574634,55.17824712036797,12.556434400292892
1420,Quiché,Ixcán,Quiché,Ixcán,158328.9999997983,62848.92457464198,37865.77015917503,19618,29071,67.48305871831035,39.69514401955551,60.24887524400529,31.214535702517637
1421,Quiché,Pachalum,Quiché,Pachalum,4175.999999725284,1629.937825724841,1372.521424873551,689,2673,25.776281331836888,39.031078204790845,84.2069803652286,42.27155104481353
1501,Baja Verapaz,Salamá,Baja Verapaz,Salamá,67486.92303155643,13230.847725101687,3007.754179128776,9973,23765,41.965074689669684,19.605054032341986,22.732890904809043,75.37687839214665
1502,Baja Verapaz,San Miguel Chicaj,Baja Verapaz,San Miguel Chicaj,32693.677724134057,4244.504512211686,2594.907007650602,3798,11096,34.22855082912761,12.982646210764006,61.13568733841379,89.48040905771057
1503,Baja Verapaz,Rabinal,Baja Verapaz,Rabinal,31167.276000242757,5581.093987613844,3286.783495189403,4888,14073,34.733177005613584,17.90690334173052,58.89138406347898,87.58139552653958
1504,Baja Verapaz,Cubulco,Baja Verapaz,Cubulco,69098.49299119727,10450.375862149622,6310.51601895557,9031,16206,55.7262742194249,15.123883907976019,60.38554117284648,86.41794437948896
1505,Baja Verapaz,Granados,Baja Verapaz,Granados,15446.173368590446,2890.747816535382,2283.8793711810818,1995,4498,44.353045798132506,18.71497715035151,79.0065241290524,69.01328398791448
1506,Baja Verapaz,El Chol,Baja Verapaz,El Chol,11912.82523174641,2333.0064327765144,1213.0398440555698,1352,3144,43.00254452926209,19.58398941805426,51.99470635886457,57.95097608843636
1507,Baja Verapaz,San Jerónimo,Baja Verapaz,San Jerónimo,22169.734020609107,5498.9684156332605,441.021582586936,4590,9421,48.720942575098185,24.803944019000813,8.020078481140867,83.47020119175237
1508,Baja Verapaz,Purulhá,Baja Verapaz,Purulhá,51708.89763205093,21485.19825932765,5440.9624481678775,9711,14975,64.84808013355592,41.550292586416305,25.324236632565032,45.198558946432044
1601,Alta Verapaz,Cobán,Alta Verapaz,Cobán,226595.3618671556,93457.66719162338,32608.5141557151,28279,70939,39.86382666798235,41.2442983923096,34.89121346122986,30.25861959727436
1602,Alta Verapaz,Santa Cruz Verapaz,Alta Verapaz,Santa Cruz Verapaz,7799.694586570433,3290.5251025298207,347.59514239104,3143,10126,31.038909737309897,42.18787115325604,10.563515899751136,95.51666989513618
1603,Alta Verapaz,San Cristóbal Verapaz,Alta Verapaz,San Cristóbal Verapaz,38419.42983516157,17970.514477447196,6652.335831097095,7297,20279,35.98303663888752,46.77454755197988,37.01805999736794,40.605403975259904
1604,Alta Verapaz,Tactic,Alta Verapaz,Tactic,11639.761748419976,4656.540886886694,1641.576687137174,3185,14050,22.669039145907472,40.00546564038383,35.25313590094367,68.3984115541494
1605,Alta Verapaz,Tamahú,Alta Verapaz,Tamahú,6987.485036357792,3448.54207104135,894.30193664124,3313,6511,50.88312087236984,49.35312280595443,25.93275413836518,96.06958337033073
1606,Alta Verapaz,Tucurú,Alta Verapaz,Tucurú,21899.55174221832,14240.848964090432,4042.85959263677,1568,4097,38.271906272882596,65.02803861796261,28.389175412443457,11.010579523410799
1607,Alta Verapaz,Panzós,Alta Verapaz,Panzós,72888.50806018575,36821.437196064915,11356.193558642271,12708,17923,70.90330859789098,50.517479608254014,30.841255592967187,34.51250404033142
1608,Alta Verapaz,Senahú,Alta Verapaz,Senahú,70528.54423009125,44260.273037767845,8893.739230257628,17245,22973,75.06638227484439,62.75512066912058,20.09418067228932,38.96270586782107
1609,Alta Verapaz,San Pedro Carchá,Alta Verapaz,San Pedro Carchá,131397.31045561726,91053.12940362965,14672.092140334767,43260,72090,60.008322929671245,69.29603740586845,16.113770318969284,47.51072289699417
1610,Alta Verapaz,San Juan Chamelco,Alta Verapaz,San Juan Chamelco,18689.61744571017,9955.164942107165,5915.226856543399,6987,20251,34.501999901239444,53.26575020074676,59.418672527703485,70.18467338946061
1611,Alta Verapaz,Lanquín,Alta Verapaz,Lanquín,23609.51674145833,16516.66459704689,3543.8672651768,4866,6028,80.72329130723291,69.95765638880533,21.456313073103328,29.461154044806484
1612,Alta Verapaz,Cahabón,Alta Verapaz,Cahabón,76028.44379013822,46287.90723700216,10694.815459573529,12398,16504,75.12118274357732,60.882355246900694,23.10498810156659,26.7845334560495
1613,Alta Verapaz,Chisec,Alta Verapaz,Chisec,109397.76076009248,48128.037787473986,21445.558465776954,15772,23412,67.36716213907398,43.99362240422634,44.55938669363011,32.770918419002925
1614,Alta Verapaz,Chahal,Alta Verapaz,Chahal,45939.05968352496,24353.033821855974,3414.0112710535027,3236,5639,57.38606135839688,53.01160709345049,14.018833530258354,13.287872154539555
1615,Alta Verapaz,Fray Bartolomé De Las Casas,Alta Verapaz,Fray Bartolomé De Las Casas,121097.52127961618,64324.21824849189,19572.47550323866,10474,18538,56.5001618297551,53.11770015503968,30.42784822915053,16.28313609586008
1616,Alta Verapaz,Santa Catalina La Tinta,Alta Verapaz,Santa Catalina La Tinta,19729.59615939955,9814.641235999534,6159.484794235538,4541,9767,46.49329374424081,49.74577866016611,62.75812478649658,46.26761071351112
1617,Alta Verapaz,Raxruhá,Alta Verapaz,Raxruhá,56838.83657756613,33825.36307854819,10006.016197232952,6761,10913,61.9536332814075,59.511005353510015,29.58140071991924,19.987959875847658
1701,Petén,Flores,Petén,Flores,386258.0000002338,22370.76970452147,2031.797884928081,2417,14621,16.531017030298884,5.791665079948617,9.082378084279433,10.80427733119745
1702,Petén,San José,Petén,San José,208374.99999914682,11918.04321842314,1107.53137545765,868,2241,38.73270861222669,5.719516841498231,9.292896116919653,7.283074780751163
1703,Petén,San Benito,Petén,San Benito,54413.00000028268,25737.4045400732,3090.305781061843,1463,16510,8.861296184130829,47.30010207108502,12.007060681857915,5.684333856283393
1704,Petén,San Andrés,Petén,San Andrés,802287.0000001927,190315.03206665543,11602.4193846444,6523,9969,65.43284180960978,23.721564984426983,6.096428253014086,3.427474923638928
1705,Petén,La Libertad,Petén,La Libertad,496829.0000002035,258008.5001597883,21507.70601326112,13958,21522,64.85456741938482,51.93104673030008,8.336045517857393,5.409899282913398
1706,Petén,San Francisco,Petén,San Francisco,157443.00000024363,76588.84674724242,8750.75856260504,1747,4088,42.734833659491194,48.64544422243219,11.42563040736752,2.281010975090705
1707,Petén,Santa Ana,Petén,Santa Ana,148353.00000037637,77035.32785121979,8978.230398554673,3434,6519,52.67679091885258,51.92704417910278,11.654692267805427,4.457695054705509
1708,Petén,Dolores,Petén,Dolores,165712.0000003422,94019.49219165654,9583.990730877418,4787,7816,61.24616171954964,56.73668303530364,10.19362103269041,5.091497399541164
1709,Petén,San Luis,Petén,San Luis,308449.0000003937,152482.87652092494,31186.795193514095,13027,19187,67.89492885808099,49.435360957801876,20.45265403242468,8.543254362211831
1710,Petén,Sayaxché,Petén,Sayaxché,266145.0000004213,152401.17962826157,35540.24889182651,11426,21454,53.25813368136478,57.26246205189664,23.32019278231089,7.497317296277108
1711,Petén,Melchor De Mencos,Petén,Melchor de Mencos,210510.99999975975,42295.98416841182,3003.89660551805,3958,9656,40.990057995029,20.092054176959916,7.102084664958498,9.357862401877808
1712,Petén,Poptún,Petén,Poptún,108896.00000041157,40873.97459256754,4130.492902303495,6299,17342,36.3222235036328,37.53487234830761,10.105434921551714,15.4107841549263
1713,Petén,Las Cruces,Petén,Las Cruces,175533.00000020018,70712.04630480165,9863.60333694311,7182,10073,71.29951355107714,40.284189471336454,13.94897171328689,10.156685282507956
1714,Petén,El Chal,Petén,El Chal,95667.00000002036,50373.85656920373,4276.74565173832,2344,4090,57.31051344743276,52.655415732899556,8.490010380410157,4.653207357232629
1801,Izabal,Puerto Barrios,Izabal,Puerto Barrios,119754.95696763192,71056.69946138568,1876.82304488859,4927,40128,12.278209728867624,59.33507995046193,2.6413034367132564,6.933899318919925
1802,Izabal,Livingston,Izabal,Livingston,234865.53165909453,101058.807659434,4191.70496673695,9560,21142,45.218049380380286,43.02836901845608,4.147787871061081,9.459838505335423
1803,Izabal,El Estor,Izabal,El Estor,157068.12819494735,36178.96437143149,11110.92649501092,9076,19779,45.88705192375752,23.033931063676683,30.711013120609383,25.086400779251743
1804,Izabal,Morales,Izabal,Morales,132572.11194056715,88990.62587234814,1101.11007962962,11916,35324,33.73343902162836,67.12620367113345,1.237332661542462,13.390174395551286
1805,Izabal,Los Amates,Izabal,Los Amates,104134.27123700573,56323.91218818101,2684.696252417777,10114,18764,53.901087188232786,54.08777678963142,4.76653014344613,17.956849244080594
1901,Zacapa,Zacapa,Zacapa,Zacapa,41049.6920822818,8162.7600085343065,2084.978712815596,3687,24262,15.196603742477949,19.885070007766473,25.54257029038848,45.16854588576876
1902,Zacapa,Estanzuela,Zacapa,Estanzuela,9545.331894128876,5370.114330988405,258.954942672806,617,3338,18.484122228879567,56.25906349355378,4.822149524424439,11.48951329470926
1903,Zacapa,Río Hondo,Zacapa,Río Hondo,45680.8471034165,6554.053079113976,490.59981756288,1355,7823,17.3207209510418,14.347485860488334,7.485441628879862,20.674229879492806
1904,Zacapa,Gualán,Zacapa,Gualán,78138.59089484402,21881.38779197859,1912.231116907011,6100,15485,39.392960929932194,28.003304822102226,8.739076036155295,27.877573662106453
1905,Zacapa,Teculután,Zacapa,Teculután,21166.706318479803,2808.856042498361,65.18010983237001,795,6553,12.131848008545704,13.270161168372528,2.3205215520548714,28.3033373007212
1906,Zacapa,Usumatlán,Zacapa,Usumatlán,10806.601804181584,1511.927990995935,367.548411220962,1042,4132,25.21781219748306,13.990780991031786,24.30991511565647,68.91862616510032
1907,Zacapa,Cabañas,Zacapa,Cabañas,13838.217678104533,3448.617187110024,1213.371581588258,1481,4164,35.56676272814601,24.92096357586993,35.18429317476886,42.94474914570303
1908,Zacapa,San Diego,Zacapa,San Diego,10336.853220985233,3114.537897484615,2247.111641025404,866,2245,38.57461024498886,30.130425874304525,72.14911858482223,27.80508789761091
1909,Zacapa,La Unión,Zacapa,La Unión,21463.34097681089,13970.066437024374,1265.331242255422,5124,7689,66.6406554818572,65.08803290278857,9.05744613283985,36.67842256225814
1910,Zacapa,Huité,Zacapa,Huité,8485.543211382932,3184.67357426062,1924.6843790196301,1415,3354,42.188431723315446,37.530579892499276,60.435844809196205,44.43155529145614
1911,Zacapa,San Jorge,Zacapa,San Jorge,8228.274815239054,3855.464721645959,1528.9290340626176,875,3315,26.395173453996982,46.856295009805734,39.65615417199029,22.69505917373428
2001,Chiquimula,Chiquimula,Chiquimula,Chiquimula,36495.773929790776,13419.000126178424,7620.222185797839,8285,37579,22.04688788951276,36.76864108154933,56.7868105979964,61.740814681395136
2002,Chiquimula,San José La Arada,Chiquimula,San José La Arada,11530.963501654029,4085.430903986375,2942.097898920319,1252,2733,45.810464690815955,35.43009136574191,72.01438399189558,30.645482188386936
2003,Chiquimula,San Juan Ermita,Chiquimula,San Juan Ermita,8048.009868066582,4751.949753395974,2061.341900857444,2081,4369,47.63103685053788,59.045028911446416,43.37886568317161,43.79255059489668
2004,Chiquimula,Jocotán,Chiquimula,Jocotán,25100.164652478015,13734.296954951616,6002.384157957723,6540,12441,52.568121533638774,54.717955619449285,43.70361422681842,47.618018027796744
2005,Chiquimula,Camotán,Chiquimula,Camotán,23047.188393807093,13685.662006507731,4430.749258306515,4515,8666,52.10016155088853,59.38104801618728,32.37511825295429,32.9907314520339
2006,Chiquimula,Olopa,Chiquimula,Olopa,11210.923568114722,9291.95058888785,364.20980371088,4950,6786,72.94429708222812,82.8830072066081,3.9196269957185828,53.271914789556185
2007,Chiquimula,Esquipulas,Chiquimula,Esquipulas,50079.4528450126,31398.906820589735,1715.58992726587,5851,18708,31.275390207397905,62.698182661388124,5.463852410749783,18.634406711775153
2008,Chiquimula,Concepción Las Minas,Chiquimula,Concepción Las Minas,21483.46686104732,7210.311763826858,1162.3777521848,1394,3386,41.16952155936208,33.56214250922514,16.12104705397469,19.333421988678857
2009,Chiquimula,Quezaltepeque,Chiquimula,Quezaltepeque,24446.305432108435,9664.465111033229,1305.96863195626,3943,9032,43.655890168290526,39.533438448902224,13.513097899906834,40.79894701568697
2010,Chiquimula,San Jacinto,Chiquimula,San Jacinto,7074.339407376319,3086.885501431735,1633.831391140015,1680,3458,48.582995951417004,43.63496467547317,52.928150084679984,54.42378731640016
2011,Chiquimula,Ipala,Chiquimula,Ipala,22999.411540526584,13087.508471158664,7022.246915720767,3740,7662,48.81232054293918,56.90366663554653,53.65610216181256,28.57686784495269
2101,Jalapa,Jalapa,Jalapa,Jalapa,68496.15841341861,40509.92203240625,5497.314697838633,22021,53916,40.84316343942429,59.141889079242475,13.57029197301592,54.35952205087958
2102,Jalapa,San Pedro Pinula,Jalapa,San Pedro Pinula,53058.360289161836,25986.020032806933,7611.205073923575,11233,17698,63.47044863826421,48.976296838398646,29.28961443235459,43.22708897252645
2103,Jalapa,San Luis Jilotepeque,Jalapa,San Luis Jilotepeque,20994.115373077628,8855.842639990307,5175.760886417301,4393,9113,48.2058597607813,42.18249963200086,58.444589598341885,49.60566914505166
2104,Jalapa,San Manuel Chaparrón,Jalapa,San Manuel Chaparrón,12871.06058779167,4873.223823600799,3363.2790112252433,1587,2776,57.168587896253605,37.861866862961556,69.01548406081899,32.56571127134018
2105,Jalapa,San Carlos Alzatate,Jalapa,San Carlos Alzatate,8976.028973600023,7338.86030619789,782.08810085772,4164,5642,73.80361573909961,81.76065749991099,10.656805937527151,56.739055197485854
2106,Jalapa,Monjas,Jalapa,Monjas,14802.917037364192,8092.997569948897,2525.713179593308,4048,9494,42.63745523488519,54.67164039034523,31.20862397107153,50.018549554878476
2107,Jalapa,Mataquescuintla,Jalapa,Mataquescuintla,23779.359325453308,17526.315392886183,1838.736916359059,8105,14340,56.52022315202232,73.70390073598873,10.491291952359767,46.2447457911762
2201,Jutiapa,Jutiapa,Jutiapa,Jutiapa,62260.69566659338,27285.40224856465,9515.078360487381,15676,45272,34.62625905637039,43.82444165847141,34.872413731734234,57.451965916407325
2202,Jutiapa,El Progreso,Jutiapa,El Progreso,9916.151092528495,7557.554519382651,1655.173287235805,2036,8331,24.438842876005282,76.21459625677778,21.900910975776988,26.939931359784797
2203,Jutiapa,Santa Catarina Mita,Jutiapa,Santa Catarina Mita,20159.32485377589,8408.311556160255,4125.126208185199,4009,10127,39.587242026266416,41.70929144279035,49.060101788961084,47.67901347640777
2204,Jutiapa,Agua Blanca,Jutiapa,Agua Blanca,23807.345129959485,13701.16582893128,6722.73114831117,2984,5257,56.76241202206582,57.55016258276337,49.06685483738545,21.779168555853897
2205,Jutiapa,Asunción Mita,Jutiapa,Asunción Mita,50145.42762022849,22217.25809599641,6349.232261426949,5809,17608,32.99068605179464,44.30565088457646,28.57792907654564,26.146340718105048
2206,Jutiapa,Yupiltepeque,Jutiapa,Yupiltepeque,5539.911554850016,3897.195117729519,1949.449856320738,2855,5728,49.84287709497207,70.34760535694201,50.02186950948648,73.25781526851816
2207,Jutiapa,Atescatempa,Jutiapa,Atescatempa,8533.797340916914,5902.419512547673,1447.249898742891,2490,6631,37.550897300557985,69.1652177424861,24.519604132953468,42.18608986885171
2208,Jutiapa,Jerez,Jutiapa,Jerez,5215.792719687897,3433.893316725141,1996.1787468219109,1088,2371,45.887811050189796,65.83646055878191,58.13164716269171,31.684152640991517
2209,Jutiapa,El Adelanto,Jutiapa,El Adelanto,2965.119186650984,1147.805898966648,528.068288548658,556,1840,30.217391304347824,38.710278633455594,46.0067585489907,48.44024590747949
2210,Jutiapa,Zapotitlán,Jutiapa,Zapotitlán,7828.504574023399,4077.2102802734344,2702.8460880046764,1071,2845,37.64499121265378,52.081597982358765,66.2915548182963,26.267960845232007
2211,Jutiapa,Comapa,Jutiapa,Comapa,17326.07308574776,8554.606668910044,3017.6638552833,5075,9548,53.152492668621704,49.37418090396358,35.275308054201695,59.3247614579878
2212,Jutiapa,Jalpatagua,Jutiapa,Jalpatagua,22794.095256351018,13542.4021436573,6155.429069515086,3453,8865,38.95093062605753,59.41188711968746,45.45300755522191,25.497692088676025
2213,Jutiapa,Conguaco,Jutiapa,Conguaco,13182.29247346766,9157.1583568792,5538.668044185624,4680,6324,74.00379506641366,69.4655984557318,60.48457205094384,51.107557799131094
2214,Jutiapa,Moyuta,Jutiapa,Moyuta,41119.27546043749,27997.536229494366,3729.309785037415,5908,11900,49.64705882352941,68.08859328377983,13.320135580747014,21.101856790441943
2215,Jutiapa,Pasaco,Jutiapa,Pasaco,14832.694524533363,8521.213068623883,709.10012544265,1369,2648,51.69939577039275,57.44885431658926,8.321586606649243,16.06578768744582
2216,Jutiapa,San José Acatempa,Jutiapa,San José Acatempa,11201.722131755281,6862.360609838466,993.182776768246,2057,3899,52.75711720954091,61.261657173093546,14.472902740557444,29.975107939546476
2217,Jutiapa,Quesada,Jutiapa,Quesada,13933.77732859274,5939.115908054601,3535.295878948715,3090,7455,41.4486921529175,42.6238755507257,59.525625256010976,52.02794570500563
