key,Departamento,agricultural_land_ha,maize_bean_ha,agricultural_workers,total_workers,ag_workers_per_100_agricultural_ha,agricultural_share_pct,rain_2026_mm,hist_mean_mm,hist_median_mm,hist_sd_mm,z_2015_common,z_2026_common,drought_severity_negative_z,drought_severity_negative_z_2015,impact_composite,impact_composite_2015,impact_agricultural_dependence,impact_composite_percentile,impact_agricultural_dependence_percentile,impact_two_channel_composite
SACATEPEQUEZ,Sacatepéquez,26166.457951125103,7555.409855731338,27536,141435,105.23396040623072,19.469014034715595,411.8134517419553,855.4294038969008,842.7567532639081,157.83485749588633,-1.182054967689675,-2.8106335900262565,2.8106335900262565,1.182054967689675,295.7741039292452,124.3923256678436,0.5472026481066427,100.0,36.36363636363637,68.18181818181819
CHIMALTENANGO,Chimaltenango,86033.15831693525,21615.91136184203,79578,213958,92.49689486795862,37.19328092429355,519.1270689754333,1044.0606465642154,1038.538796916289,189.7871250429508,-1.4091187453744554,-2.765907210354676,2.765907210354676,1.4091187453744554,255.83782845070516,130.33910844737073,1.0287316388525056,95.45454545454544,90.9090909090909,93.1818181818182
SOLOLA,Sololá,48077.41185841798,14219.006252468402,44230,140336,91.99746469350694,31.51721582487744,593.9192360942761,1181.2217326451168,1157.2308755118345,228.7225342778296,-1.5705858291508683,-2.567750914465837,2.567750914465837,1.5705858291508683,236.226574095291,144.48991436542934,0.8092835975574619,90.9090909090909,63.63636363636363,77.27272727272727
GUATEMALA,Guatemala,82594.12955835264,17596.499553218568,53776,1323510,65.10874354818078,4.063135148204396,416.2952094351896,837.4091688841,827.0072490248505,162.03883751194434,-1.5030992956736924,-2.5988458440888835,2.5988458440888835,1.5030992956736924,169.20758758403855,97.8649065694696,0.1055946189388246,86.36363636363636,4.545454545454546,45.45454545454545
TOTONICAPAN,Totonicapán,31915.86325326737,29415.84907270648,23983,137217,75.14445029947531,17.478155039098652,328.8476515757819,612.3997509803278,595.6333181849612,130.48336733946914,-1.4664246389088849,-2.173089989828733,2.173089989828733,1.4664246389088849,163.29565273697253,110.19367339641472,0.3798160375613991,81.81818181818183,13.636363636363637,47.727272727272734
BAJA VERAPAZ,Baja Verapaz,65714.74301134964,24578.86394691581,45338,97178,68.99212858851116,46.65459260326411,504.1287178173119,810.891821274643,772.0816527248587,173.2635697208806,-2.015072660599554,-1.7704997302751635,1.7704997302751635,2.015072660599554,122.1505450570684,139.02415211527776,0.8260194362017674,77.27272727272727,68.18181818181817,72.72727272727272
SAN MARCOS,San Marcos,190741.03768170465,50495.06423609846,99248,248010,52.03285103524401,40.01774122011209,898.8119419592507,1331.0406225105382,1312.7136445025392,194.05865558880205,-1.0824344763481872,-2.227309465995439,2.227309465995439,1.0824344763481872,115.89326165352956,56.32215186323758,0.8913189382731154,72.72727272727273,77.27272727272727,75.0
JALAPA,Jalapa,113183.18179783726,26794.09786621484,55551,112979,49.08061349540669,49.16931465139539,401.13982312480806,778.0929618849588,777.4292305315136,161.78991121169415,-2.0508178915762576,-2.329892735196115,2.329892735196115,2.0508178915762576,114.35256482191645,100.65540028591916,1.1455922900085802,68.18181818181817,100.0,84.0909090909091
QUETZALTENANGO,Quetzaltenango,128215.95421402948,37260.02724702857,58843,269819,45.89366460727191,21.808323357510037,830.8351608277163,1353.7124848672404,1323.1389707905407,217.9485059003289,-1.1356829838238167,-2.399086526790157,2.399086526790157,1.1356829838238167,110.10287242433232,52.12065395979605,0.523200547388854,63.63636363636363,27.27272727272727,45.45454545454545
HUEHUETENANGO,Huehuetenango,286583.2809957086,98462.10516210266,161393,308957,56.31626501003621,52.23801370417242,765.5783832823046,1221.937609135838,1172.3087483168665,249.8089978458596,-1.8871460470613857,-1.8268326192762767,1.8268326192762767,1.8871460470613857,102.88038991614138,106.27701689895126,0.9543010740098335,59.09090909090909,86.36363636363636,72.72727272727272
EL PROGRESO,El Progreso,30204.190133214644,9239.501881081133,15027,60496,49.75137533475946,24.83965882041788,361.4858261708935,686.1830980873821,641.5059126707496,164.33279788103044,-1.985578312229832,-1.975851906030072,1.975851906030072,1.985578312229832,98.301349782802,98.78525186830458,0.4907948722545935,54.54545454545454,18.181818181818183,36.36363636363636
CHIQUIMULA,Chiquimula,123416.3680019482,36261.01982381843,44231,114820,35.838844325172325,38.52203448876502,375.56816113305655,815.929029166815,807.3616041869591,164.4632764568623,-2.3535721764740827,-2.677563511567656,2.677563511567656,2.3535721764740827,95.96078186183496,84.34930684071165,1.0314519393846802,50.0,95.45454545454544,72.72727272727272
QUICHE,Quiché,261402.8154548237,144701.08979227717,115896,261326,44.33617128352217,44.349203676633785,876.720467338273,1388.9266478930583,1383.4277016170472,261.3193148009849,-2.046058811374591,-1.960077772838454,1.960077772838454,2.046058811374591,86.90234386559035,90.71441391726364,0.8692788836965533,45.45454545454545,72.72727272727273,59.09090909090909
JUTIAPA,Jutiapa,178202.6093607355,60669.78367926642,64206,156649,36.02977545072183,40.98717514953814,546.4054319373128,894.7794356514366,871.4786473170204,153.85800828168064,-2.447697422575503,-2.264256554500086,2.264256554500086,2.447697422575503,81.58065522146319,88.18998850670594,0.9280547998278478,40.909090909090914,81.81818181818183,61.36363636363637
SUCHITEPEQUEZ,Suchitepéquez,173830.68780947683,8599.171542328257,49589,176313,28.527183908028302,28.125549448991283,790.647845167702,1581.8635114039407,1549.3138927474513,305.38178636856134,-1.660201695378417,-2.590906535864358,2.590906535864358,1.660201695378417,73.91126723711508,47.360879088480495,0.7287066989216772,36.36363636363637,54.54545454545454,45.45454545454545
ZACAPA,Zacapa,73862.45906163516,13358.920988962956,23357,82360,31.622288638548508,28.35964060223409,447.2924677268657,825.5038439668364,819.2691197951492,178.27436748553214,-2.222052391652134,-2.121512932983282,2.121512932983282,2.222052391652134,67.08709431721095,70.26638209880082,0.6016534431239742,31.818181818181817,45.45454545454545,38.63636363636363
ALTA VERAPAZ,Alta Verapaz,562404.5092796071,161860.66408768442,185033,350040,32.90034075953831,52.86053022511713,1166.0998964005828,1553.4698106885137,1512.1919474776907,276.5659108321415,-1.894790118519731,-1.4006423030314843,1.4006423030314843,1.894790118519731,46.08160905196035,62.33924056710513,0.7403869479397345,27.27272727272727,59.09090909090909,43.18181818181818
SANTA ROSA,Santa Rosa,223687.29523874828,21897.649860929112,44063,132828,19.698481289681748,33.17297557743849,666.4203941638503,1125.0267852811892,1089.691678327933,211.03923470846445,-1.6154287512173806,-2.1730859276042707,2.1730859276042707,1.6154287512173806,42.80649248578343,31.82149303066952,0.7208772640409173,22.727272727272727,50.0,36.36363636363636
ESCUINTLA,Escuintla,361763.069356781,6650.914637238531,52812,242551,14.598505064074216,21.773565147123698,703.7687504849976,1337.3444133227952,1278.9517808488408,248.53219555275103,-1.5546248747550366,-2.549269970551244,2.549269970551244,1.5546248747550366,37.215530574784665,22.69519910684715,0.5550669578140363,18.181818181818183,40.909090909090914,29.545454545454547
RETALHULEU,Retalhuleu,152812.89413685072,17132.296421076742,24504,100420,16.035296064778134,24.401513642700657,720.7924042978489,1231.1470135454692,1222.780291960545,235.60339464278545,-1.3041702202278274,-2.16615982983354,2.16615982983354,1.3041702202278274,34.73501419501024,20.912755600220112,0.5285757863995326,13.636363636363637,31.818181818181817,22.727272727272727
IZABAL,Izabal,353609.0095527803,20965.26083868385,45593,135137,12.89361944076674,33.738354410709135,1164.543578470878,1313.1939192575628,1303.8233988982067,200.02655815001205,-2.116729197592288,-0.7431530200864775,0.7431530200864775,2.116729197592288,9.581932227251524,27.2923007329145,0.2507275997306643,9.090909090909092,9.090909090909092,9.090909090909092
PETEN,Petén,1265133.3342637515,154654.5227132338,79433,165088,6.278626754090413,48.11555049428184,712.1945555186674,904.0143165384144,908.4824215581932,176.63044852459726,-1.5399572301085076,-1.0859948702051472,1.0859948702051472,1.5399572301085076,6.818556446874983,9.668816665114242,0.5225324101388681,4.545454545454546,22.727272727272727,13.636363636363637
